-- phpMyAdmin SQL Dump
-- version 4.0.10.7
-- http://www.phpmyadmin.net
--
-- Host: localhost
-- Generation Time: May 05, 2015 at 03:57 AM
-- Server version: 5.1.73-cll
-- PHP Version: 5.4.23

SET SQL_MODE = "NO_AUTO_VALUE_ON_ZERO";
SET time_zone = "+00:00";


/*!40101 SET @OLD_CHARACTER_SET_CLIENT=@@CHARACTER_SET_CLIENT */;
/*!40101 SET @OLD_CHARACTER_SET_RESULTS=@@CHARACTER_SET_RESULTS */;
/*!40101 SET @OLD_COLLATION_CONNECTION=@@COLLATION_CONNECTION */;
/*!40101 SET NAMES utf8 */;

--
-- Database: `beaudes1_hirebin`
--

-- --------------------------------------------------------

--
-- Table structure for table `wb_bin_prices`
--

CREATE TABLE IF NOT EXISTS `wb_bin_prices` (
  `id` int(11) NOT NULL AUTO_INCREMENT,
  `product_type_id` int(11) NOT NULL,
  `product_id` int(11) NOT NULL,
  `price` float NOT NULL,
  `product_zone` varchar(25) NOT NULL,
  PRIMARY KEY (`id`)
) ENGINE=InnoDB  DEFAULT CHARSET=latin1 AUTO_INCREMENT=123 ;

--
-- Dumping data for table `wb_bin_prices`
--

INSERT INTO `wb_bin_prices` (`id`, `product_type_id`, `product_id`, `price`, `product_zone`) VALUES
(8, 2, 2, 260, 'A'),
(14, 2, 3, 350, 'A'),
(20, 2, 4, 465, 'A'),
(32, 4, 4, 615, 'B'),
(36, 2, 12, 579, 'A'),
(46, 1, 13, 200, 'A'),
(47, 1, 13, 230, 'C'),
(48, 15, 13, 245, 'C'),
(49, 18, 13, 150, 'C'),
(50, 18, 13, 125, 'A'),
(51, 15, 13, 230, 'A'),
(52, 2, 13, 210, 'A'),
(53, 2, 13, 230, 'C'),
(54, 2, 14, 290, 'A'),
(55, 2, 15, 990, 'A'),
(56, 1, 15, 990, 'A'),
(57, 1, 12, 570, 'A'),
(58, 15, 12, 685, 'A'),
(59, 1, 2, 250, 'A'),
(60, 15, 2, 280, 'A'),
(61, 1, 14, 280, 'A'),
(62, 15, 14, 310, 'A'),
(63, 1, 3, 340, 'A'),
(64, 15, 3, 375, 'A'),
(65, 1, 4, 455, 'A'),
(66, 15, 4, 532, 'A'),
(67, 18, 2, 125, 'A'),
(68, 18, 14, 125, 'A'),
(69, 18, 3, 125, 'A'),
(70, 18, 4, 125, 'A'),
(71, 18, 12, 125, 'A'),
(72, 2, 2, 290, 'C'),
(73, 1, 2, 290, 'C'),
(74, 15, 2, 305, 'C'),
(75, 18, 2, 150, 'C'),
(76, 2, 14, 320, 'C'),
(77, 1, 14, 320, 'C'),
(78, 15, 14, 335, 'C'),
(79, 2, 3, 370, 'C'),
(80, 1, 3, 370, 'C'),
(81, 15, 3, 385, 'C'),
(82, 18, 3, 150, 'C'),
(83, 18, 14, 150, 'C'),
(84, 2, 4, 495, 'C'),
(85, 1, 4, 495, 'C'),
(86, 15, 4, 510, 'C'),
(87, 18, 4, 150, 'C'),
(88, 2, 12, 595, 'C'),
(89, 1, 12, 595, 'C'),
(90, 15, 12, 610, 'C'),
(91, 18, 12, 150, 'C'),
(92, 2, 15, 1050, 'C'),
(93, 1, 15, 1050, 'C'),
(94, 18, 15, 150, 'C'),
(95, 18, 15, 125, 'A'),
(96, 2, 13, 220, 'E'),
(97, 1, 13, 220, 'E'),
(98, 15, 13, 235, 'E'),
(99, 2, 2, 275, 'E'),
(100, 1, 2, 275, 'E'),
(101, 15, 2, 290, 'E'),
(102, 18, 13, 125, 'E'),
(103, 18, 2, 125, 'E'),
(104, 2, 14, 310, 'E'),
(105, 1, 14, 310, 'E'),
(106, 15, 14, 325, 'E'),
(107, 18, 14, 125, 'E'),
(108, 2, 3, 375, 'E'),
(109, 1, 3, 375, 'E'),
(110, 15, 3, 390, 'E'),
(111, 18, 3, 125, 'E'),
(112, 2, 4, 530, 'E'),
(113, 1, 4, 530, 'E'),
(114, 15, 4, 545, 'E'),
(115, 18, 4, 125, 'E'),
(116, 2, 12, 685, 'E'),
(117, 1, 12, 685, 'E'),
(118, 15, 12, 700, 'E'),
(119, 18, 12, 125, 'E'),
(120, 2, 15, 1040, 'E'),
(121, 1, 12, 1040, 'E'),
(122, 18, 15, 250, 'E');

-- --------------------------------------------------------

--
-- Table structure for table `wb_cart`
--

CREATE TABLE IF NOT EXISTS `wb_cart` (
  `cart_id` int(11) NOT NULL AUTO_INCREMENT,
  `postcode` int(11) NOT NULL,
  `p_id` int(11) NOT NULL,
  `p_type` varchar(255) NOT NULL,
  `tyre_removal` int(11) NOT NULL,
  `mattress_removal` int(11) NOT NULL,
  `gas_bottle` int(11) NOT NULL,
  `tv_monitor` int(11) NOT NULL,
  `delivery_date` varchar(60) NOT NULL,
  `extra_day` int(11) NOT NULL,
  `collection_date` varchar(60) NOT NULL,
  `bin_placement` varchar(40) CHARACTER SET utf8 NOT NULL,
  `price` float(12,2) NOT NULL,
  PRIMARY KEY (`cart_id`)
) ENGINE=InnoDB  DEFAULT CHARSET=latin1 AUTO_INCREMENT=234 ;

--
-- Dumping data for table `wb_cart`
--

INSERT INTO `wb_cart` (`cart_id`, `postcode`, `p_id`, `p_type`, `tyre_removal`, `mattress_removal`, `gas_bottle`, `tv_monitor`, `delivery_date`, `extra_day`, `collection_date`, `bin_placement`, `price`) VALUES
(155, 0, 4, 'Green Waste', 0, 0, 0, 0, '06-04-2015', 0, '13-04-2015', 'On Driveway', 425.00),
(157, 0, 12, 'General Waste', 0, 0, 0, 0, '07-04-2015', 0, '14-04-2015', 'On Driveway', 1158.00),
(158, 0, 2, 'General Waste', 5, 0, 4, 0, '07-04-2015', 0, '14-04-2015', 'On Front Lawn', 425.00),
(159, 0, 13, 'Green Waste', 1, 0, 0, 0, '08-04-2015', 1, '16-04-2015', 'On Front Lawn', 235.00),
(160, 0, 2, 'General Waste', 1, 0, 1, 0, '16-04-2015', 2, '25-04-2015', 'On Driveway', 345.00),
(161, 0, 2, 'General Waste', 1, 0, 1, 0, '16-04-2015', 2, '25-04-2015', 'On Driveway', 345.00),
(162, 0, 2, 'General Waste', 1, 0, 1, 0, '16-04-2015', 2, '25-04-2015', 'On Driveway', 345.00),
(163, 0, 2, 'General Waste', 1, 0, 1, 0, '16-04-2015', 2, '25-04-2015', 'On Driveway', 345.00),
(164, 0, 2, 'General Waste', 4, 0, 0, 0, '23-04-2015', 6, '06-05-2015', 'On Driveway', 320.00),
(165, 0, 2, 'General Waste', 4, 0, 0, 0, '23-04-2015', 6, '06-05-2015', 'On Driveway', 320.00),
(166, 0, 2, 'General Waste', 4, 0, 0, 0, '23-04-2015', 6, '06-05-2015', 'On Driveway', 320.00),
(167, 0, 2, 'General Waste', 4, 0, 0, 0, '23-04-2015', 6, '06-05-2015', 'On Driveway', 320.00),
(168, 0, 2, 'General Waste', 4, 0, 0, 0, '23-04-2015', 6, '06-05-2015', 'On Driveway', 320.00),
(169, 0, 2, 'General Waste', 4, 0, 0, 0, '23-04-2015', 6, '06-05-2015', 'On Driveway', 320.00),
(170, 0, 13, 'General Waste', 1, 0, 4, 0, '23-04-2015', 0, '30-04-2015', 'On Driveway', 285.00),
(171, 0, 13, 'General Waste', 1, 0, 4, 0, '23-04-2015', 0, '30-04-2015', 'On Driveway', 285.00),
(172, 0, 13, 'General Waste', 1, 0, 4, 0, '23-04-2015', 0, '30-04-2015', 'On Driveway', 285.00),
(173, 0, 13, 'General Waste', 1, 0, 4, 0, '23-04-2015', 0, '30-04-2015', 'On Driveway', 285.00),
(174, 0, 13, 'General Waste', 0, 0, 0, 0, '23-04-2015', 0, '30-04-2015', 'On Driveway', 230.00),
(175, 0, 13, 'Green Waste', 1, 0, 4, 0, '24-04-2015', 5, '06-05-2015', 'On Driveway', 285.00),
(176, 0, 2, 'General Waste', 0, 0, 0, 0, '23-04-2015', 0, '30-04-2015', 'On Driveway', 260.00),
(177, 0, 3, 'General Waste', 0, 0, 0, 0, '23-04-2015', 0, '30-04-2015', 'On Front Lawn', 350.00),
(178, 0, 3, 'Scrap Metal', 0, 0, 0, 0, '24-04-2015', 0, '01-05-2015', 'Call Customer for Instructions', 125.00),
(180, 0, 4, 'General Waste', 0, 0, 0, 0, '24-04-2015', 0, '01-05-2015', 'Call customer for details', 465.00),
(181, 0, 2, 'General Waste', 0, 0, 0, 0, '24-04-2015', 0, '01-05-2015', 'On Driveway', 290.00),
(184, 0, 3, 'Scrap Metal', 0, 0, 0, 0, '24-04-2015', 0, '01-05-2015', 'Call customer for Directions', 125.00),
(185, 0, 4, 'General Waste', 0, 0, 0, 0, '24-04-2015', 0, '01-05-2015', 'Call customer for Directions', 465.00),
(186, 0, 13, 'General Waste', 0, 0, 0, 0, '24-04-2015', 0, '01-05-2015', 'On Driveway', 210.00),
(187, 0, 13, 'Green Waste', 0, 0, 0, 0, '25-04-2015', 0, '02-05-2015', 'On Front Lawn', 200.00),
(188, 0, 13, 'Green Waste', 0, 0, 0, 0, '24-04-2015', 0, '01-05-2015', 'On Driveway', 200.00),
(189, 0, 13, 'Green Waste', 0, 0, 0, 0, '25-04-2015', 0, '02-05-2015', 'On Front Lawn', 200.00),
(190, 0, 2, 'General Waste', 0, 0, 0, 0, '24-04-2015', 0, '01-05-2015', 'On Driveway', 260.00),
(191, 0, 13, 'Green Waste', 0, 0, 0, 0, '23-04-2015', 0, '30-04-2015', 'On Driveway', 200.00),
(192, 0, 13, 'General Waste', 0, 0, 0, 0, '25-04-2015', 0, '02-05-2015', 'On Driveway', 210.00),
(193, 0, 3, 'Scrap Metal', 0, 0, 0, 0, '24-04-2015', 0, '01-05-2015', 'On Driveway', 125.00),
(194, 0, 13, 'Scrap Metal', 0, 0, 0, 0, '30-04-2015', 0, '07-05-2015', 'On Driveway', 125.00),
(195, 0, 3, 'General Waste', 0, 0, 0, 0, '27-04-2015', 0, '04-05-2015', 'On Front Lawn', 350.00),
(196, 0, 2, 'General Waste', 0, 0, 0, 0, '27-04-2015', 0, '04-05-2015', 'On Front Lawn', 260.00),
(197, 0, 13, 'General Waste', 0, 0, 0, 0, '27-04-2015', 0, '04-05-2015', 'On Front Lawn', 210.00),
(198, 0, 13, 'General Waste', 0, 0, 0, 0, '27-04-2015', 0, '04-05-2015', 'On Front Lawn', 210.00),
(199, 0, 13, 'General Waste', 0, 0, 0, 0, '29-04-2015', 0, '06-05-2015', 'On Driveway', 210.00),
(201, 0, 13, 'Scrap Metal', 0, 0, 0, 0, '29-04-2015', 0, '06-05-2015', 'On Driveway', 150.00),
(202, 0, 13, 'General Waste', 0, 0, 0, 0, '28-04-2015', 0, '05-05-2015', 'On Front Lawn', 230.00),
(203, 0, 13, 'Scrap Metal', 0, 0, 0, 0, '29-04-2015', 0, 'NaN-NaN-NaN', 'On Front Lawn', 125.00),
(204, 0, 13, 'Green Waste', 0, 0, 0, 0, '28-04-2015', 0, '05-05-2015', 'On Driveway', 200.00),
(205, 0, 2, 'General Waste', 0, 0, 0, 0, '30-04-2015', 0, '07-05-2015', 'On Front Lawn', 260.00),
(206, 0, 2, 'General Waste', 0, 0, 0, 0, '30-04-2015', 0, 'NaN-NaN-NaN', 'On Front Lawn', 260.00),
(207, 0, 2, 'General Waste', 0, 0, 0, 0, '30-04-2015', 0, '07-05-2015', 'On Driveway', 260.00),
(209, 0, 2, 'General Waste', 0, 0, 0, 0, '30-04-2015', 0, '07-05-2015', 'On Driveway', 260.00),
(210, 0, 13, 'Green Waste', 0, 0, 0, 0, '30-04-2015', 0, '07-05-2015', 'On Driveway', 230.00),
(211, 0, 14, 'General Waste', 0, 0, 0, 0, '01-05-2015', 0, '08-05-2015', 'On Driveway', 290.00),
(212, 0, 3, 'General Waste', 0, 0, 0, 0, '30-04-2015', 0, '07-05-2015', 'On Driveway', 350.00),
(213, 0, 13, 'General Waste', 0, 0, 0, 0, '30-04-2015', 0, '07-05-2015', 'On Front Lawn', 210.00),
(214, 0, 13, 'Green Waste', 0, 0, 0, 0, '30-04-2015', 0, '07-05-2015', 'On Driveway', 200.00),
(215, 0, 13, 'Scrap Metal', 0, 0, 0, 0, '30-04-2015', 0, '07-05-2015', 'On Driveway', 125.00),
(216, 0, 2, 'General Waste', 0, 0, 0, 0, '04-05-2015', 0, '11-05-2015', 'On Driveway', 275.00),
(217, 0, 2, 'General Waste', 0, 0, 0, 0, '04-05-2015', 0, '11-05-2015', 'On Driveway', 260.00),
(218, 0, 12, 'Mixed Heavy Waste', 6, 0, 6, 0, '04-05-2015', 14, '25-05-2015', 'On Driveway', 920.00),
(219, 0, 15, 'General Waste', 0, 0, 0, 0, '11-05-2015', 0, '18-05-2015', 'On Driveway', 1000.00),
(220, 0, 13, 'General Waste', 0, 0, 0, 0, '04-05-2015', 0, '11-05-2015', 'On Driveway', 220.00),
(222, 0, 2, 'General Waste', 0, 0, 0, 0, '06-05-2015', 0, '13-05-2015', 'On Driveway', 260.00),
(223, 0, 2, 'General Waste', 0, 0, 0, 0, '06-05-2015', 0, '13-05-2015', 'On Driveway', 260.00),
(224, 0, 2, 'General Waste', 0, 0, 0, 0, '06-05-2015', 0, '13-05-2015', 'On Driveway', 260.00),
(225, 0, 2, 'General Waste', 0, 0, 0, 0, '06-05-2015', 0, '13-05-2015', 'On Driveway', 260.00),
(226, 0, 2, 'General Waste', 0, 0, 0, 0, '06-05-2015', 0, '13-05-2015', 'On Driveway', 260.00),
(227, 0, 14, 'General Waste', 0, 0, 0, 0, '06-05-2015', 0, '13-05-2015', 'On Driveway', 290.00),
(228, 0, 14, 'General Waste', 0, 0, 0, 0, '06-05-2015', 0, '13-05-2015', 'On Driveway', 290.00),
(229, 0, 2, 'General Waste', 0, 0, 0, 0, '07-05-2015', 0, '14-05-2015', 'On Driveway', 260.00),
(230, 0, 3, 'General Waste', 0, 0, 0, 0, '06-05-2015', 0, '13-05-2015', 'On Driveway', 350.00),
(231, 0, 2, 'General Waste', 0, 0, 0, 0, '06-05-2015', 0, '13-05-2015', 'On Front Lawn', 260.00),
(232, 4133, 2, 'General Waste', 0, 0, 0, 0, '06-05-2015', 0, '13-05-2015', 'On Driveway', 260.00);

-- --------------------------------------------------------

--
-- Table structure for table `wb_common_settings`
--

CREATE TABLE IF NOT EXISTS `wb_common_settings` (
  `id` int(11) NOT NULL AUTO_INCREMENT,
  `title` varchar(255) CHARACTER SET utf8 NOT NULL,
  `quantity` int(11) NOT NULL,
  `price` float NOT NULL,
  PRIMARY KEY (`id`)
) ENGINE=InnoDB  DEFAULT CHARSET=latin1 AUTO_INCREMENT=40 ;

--
-- Dumping data for table `wb_common_settings`
--

INSERT INTO `wb_common_settings` (`id`, `title`, `quantity`, `price`) VALUES
(1, 'Tyre Removal', 1, 15),
(2, 'Tyre Removal', 2, 30),
(3, 'Tyre Removal', 3, 45),
(4, 'Tyre Removal', 4, 60),
(9, 'LPG Gas Bottle', 1, 10),
(10, 'LPG Gas Bottle', 4, 40),
(17, 'Extra Day', 1, 0),
(18, 'Extra Day', 2, 0),
(19, 'Extra Day', 3, 0),
(20, 'Extra Day', 4, 0),
(21, 'LPG Gas Bottle', 2, 20),
(22, 'LPG Gas Bottle', 3, 30),
(23, 'Extra Day', 5, 0),
(24, 'Extra Day', 6, 0),
(25, 'Extra Day', 7, 0),
(26, 'Tyre Removal', 5, 75),
(27, 'Tyre Removal', 6, 90),
(28, 'Extra Day', 8, 10),
(29, 'Extra Day', 9, 20),
(30, 'Extra Day', 10, 30),
(31, 'Extra Day', 11, 40),
(32, 'Extra Day', 12, 50),
(33, 'Extra Day', 13, 60),
(34, 'Extra Day', 14, 70),
(35, 'LPG Gas Bottle', 5, 50),
(36, 'LPG Gas Bottle', 6, 60);

-- --------------------------------------------------------

--
-- Table structure for table `wb_invoice_number`
--

CREATE TABLE IF NOT EXISTS `wb_invoice_number` (
  `id` int(11) NOT NULL AUTO_INCREMENT,
  `user_id` int(11) NOT NULL,
  `invoice_num` varchar(50) NOT NULL,
  `status` tinyint(1) NOT NULL,
  PRIMARY KEY (`id`)
) ENGINE=MyISAM  DEFAULT CHARSET=latin1 AUTO_INCREMENT=90 ;

--
-- Dumping data for table `wb_invoice_number`
--

INSERT INTO `wb_invoice_number` (`id`, `user_id`, `invoice_num`, `status`) VALUES
(1, 45, '4SEB', 1),
(2, 46, 'o7Wm', 1),
(3, 46, 'JSb1', 1),
(4, 47, 'E1fD', 1),
(5, 46, 'noa3', 1),
(6, 48, 'XBnP', 1),
(7, 46, 'ObKY', 1),
(8, 46, 'LAo2', 1),
(9, 46, 'Qqrs', 1),
(10, 46, 'W0PB', 1),
(11, 46, 'zc5L', 1),
(12, 46, 'cprD', 1),
(13, 46, 'Ni7x', 1),
(14, 46, 'XVgc', 1),
(15, 46, 'zU5u', 1),
(16, 46, 'G1iZ', 1),
(17, 46, 'og73', 1),
(18, 46, 's7D0', 1),
(19, 46, 'QDrv', 1),
(20, 46, '3H1w', 1),
(21, 46, 'OPhr', 1),
(22, 46, 'UMD8', 1),
(23, 46, 'eCVk', 1),
(24, 46, 'O6Bl', 1),
(25, 46, 'FcUK', 1),
(26, 49, 'BKPS', 1),
(27, 46, 'QMmu', 1),
(28, 50, 'e05G', 1),
(29, 46, '2BwC', 1),
(30, 46, 'k3fm', 1),
(31, 46, 'k02E', 1),
(32, 46, 'bE2N', 1),
(33, 51, 'HUP1', 1),
(34, 52, 'uhIr', 1),
(35, 53, 'FuRP', 1),
(36, 54, '5R6P', 1),
(37, 55, 'h6RA', 1),
(38, 56, 'zMv3', 1),
(39, 57, 'nqwc', 1),
(40, 58, 'hrJH', 1),
(41, 46, 'ojLt', 1),
(42, 59, 'M7mS', 1),
(43, 46, '1Mwj', 1),
(44, 60, 'vkKX', 1),
(45, 61, 'vGVC', 1),
(46, 62, '6PKy', 1),
(47, 63, 'veHz', 1),
(48, 64, 'tRbI', 1),
(49, 65, 'y3nr', 1),
(50, 66, '1f8j', 1),
(51, 46, 'QyIg', 1),
(52, 67, 'TRVO', 1),
(53, 68, 'bkS7', 1),
(54, 46, 'xQVS', 1),
(55, 69, 'vXyl', 1),
(56, 70, 'FS8P', 1),
(57, 72, 'ZvDH', 1),
(58, 46, '0vJU', 1),
(59, 46, 'Fg72', 1),
(60, 73, 'Da9y', 1),
(61, 74, 'EOLs', 1),
(62, 75, 'klmj', 1),
(63, 46, 'nD64', 1),
(64, 76, 'k6MQ', 1),
(65, 74, 'AFLQ', 1),
(66, 46, '8sFo', 1),
(67, 46, 'GmRQ', 1),
(68, 74, 'ranP', 1),
(69, 77, 'N3h5', 1),
(70, 74, 'tiMq', 1),
(71, 74, 'JCUw', 1),
(72, 74, 'BxJP', 1),
(73, 74, 'nqo1', 1),
(74, 78, 'SnLP', 1),
(75, 46, 'wAH4', 1),
(76, 74, 'E5kP', 1),
(77, 74, 'E4Rv', 1),
(78, 74, 'PBSX', 1),
(79, 46, 'gOfU', 1),
(80, 79, 'v8ZR', 1),
(81, 80, 'GDEy', 1),
(82, 74, 'AuMp', 1),
(83, 74, 'jWVz', 1),
(84, 81, 'Okb8', 1),
(85, 78, 'fkjt', 1),
(86, 74, 'jGcY', 1),
(87, 79, 'vsf6', 1),
(88, 80, 'rqIy', 1),
(89, 81, 'Wgmn', 1);

-- --------------------------------------------------------

--
-- Table structure for table `wb_options`
--

CREATE TABLE IF NOT EXISTS `wb_options` (
  `id` int(11) NOT NULL AUTO_INCREMENT,
  `site_id` int(11) NOT NULL DEFAULT '1',
  `option_for` varchar(256) NOT NULL,
  `reference_type` varchar(128) NOT NULL COMMENT 'Table/Model Name',
  `reference_id` int(11) NOT NULL,
  `option_name` varchar(128) NOT NULL,
  `option_value` text NOT NULL,
  `autoload` tinyint(1) NOT NULL,
  `created` datetime NOT NULL,
  `modified` datetime NOT NULL,
  PRIMARY KEY (`id`)
) ENGINE=InnoDB DEFAULT CHARSET=latin1 AUTO_INCREMENT=1 ;

-- --------------------------------------------------------

--
-- Table structure for table `wb_order`
--

CREATE TABLE IF NOT EXISTS `wb_order` (
  `id` int(11) NOT NULL AUTO_INCREMENT,
  `user_id` int(11) NOT NULL,
  `cart_id` int(11) NOT NULL,
  `p_id` int(11) NOT NULL,
  `p_type` varchar(255) NOT NULL,
  `tyre_removal` int(11) NOT NULL,
  `mattress_removal` int(11) NOT NULL,
  `gas_bottle` int(11) NOT NULL,
  `tv_monitor` int(11) NOT NULL,
  `delivery_date` varchar(60) NOT NULL,
  `extra_day` int(11) NOT NULL,
  `collection_date` varchar(60) NOT NULL,
  `bin_placement` varchar(40) CHARACTER SET utf8 NOT NULL,
  `total_amount` float(12,2) NOT NULL,
  `order_date` datetime NOT NULL,
  `delivery_status` tinyint(1) NOT NULL,
  PRIMARY KEY (`id`)
) ENGINE=InnoDB  DEFAULT CHARSET=latin1 AUTO_INCREMENT=128 ;

--
-- Dumping data for table `wb_order`
--

INSERT INTO `wb_order` (`id`, `user_id`, `cart_id`, `p_id`, `p_type`, `tyre_removal`, `mattress_removal`, `gas_bottle`, `tv_monitor`, `delivery_date`, `extra_day`, `collection_date`, `bin_placement`, `total_amount`, `order_date`, `delivery_status`) VALUES
(103, 46, 155, 4, 'Green Waste', 0, 0, 0, 0, '06-04-2015', 0, '13-04-2015', 'On Driveway', 425.00, '2015-04-04 23:15:56', 1),
(104, 67, 159, 13, 'Green Waste', 1, 0, 0, 0, '08-04-2015', 1, '16-04-2015', 'On Front Lawn', 235.00, '2015-04-06 14:45:55', 1),
(105, 68, 175, 13, 'Green Waste', 1, 0, 4, 0, '24-04-2015', 5, '06-05-2015', 'On Driveway', 285.00, '2015-04-22 02:16:19', 1),
(107, 69, 177, 3, 'General Waste', 0, 0, 0, 0, '23-04-2015', 0, '30-04-2015', 'On Front Lawn', 350.00, '2015-04-22 02:28:07', 0),
(108, 72, 180, 4, 'General Waste', 0, 0, 0, 0, '24-04-2015', 0, '01-05-2015', 'Call customer for details', 465.00, '2015-04-22 20:33:34', 0),
(109, 72, 178, 3, 'Scrap Metal', 0, 0, 0, 0, '24-04-2015', 0, '01-05-2015', 'Call Customer for Instruction', 125.00, '2015-04-22 20:33:34', 1),
(111, 73, 185, 4, 'General Waste', 0, 0, 0, 0, '24-04-2015', 0, '01-05-2015', 'Call customer for Directions', 465.00, '2015-04-22 22:47:17', 0),
(112, 73, 184, 3, 'Scrap Metal', 0, 0, 0, 0, '24-04-2015', 0, '01-05-2015', 'Call customer for Directions', 125.00, '2015-04-22 22:47:17', 0),
(113, 74, 186, 13, 'General Waste', 0, 0, 0, 0, '24-04-2015', 0, '01-05-2015', 'On Driveway', 210.00, '2015-04-22 22:59:25', 0),
(114, 75, 187, 13, 'Green Waste', 0, 0, 0, 0, '25-04-2015', 0, '02-05-2015', 'On Front Lawn', 200.00, '2015-04-22 23:51:00', 0),
(115, 74, 189, 13, 'Green Waste', 0, 0, 0, 0, '25-04-2015', 0, '02-05-2015', 'On Front Lawn', 200.00, '2015-04-23 02:27:20', 0),
(118, 74, 192, 13, 'General Waste', 0, 0, 0, 0, '25-04-2015', 0, '02-05-2015', 'On Driveway', 210.00, '2015-04-23 03:59:48', 0),
(119, 77, 194, 13, 'Scrap Metal', 0, 0, 0, 0, '30-04-2015', 0, '07-05-2015', 'On Driveway', 125.00, '2015-04-23 22:47:44', 1),
(120, 74, 202, 13, 'General Waste', 0, 0, 0, 0, '28-04-2015', 0, '05-05-2015', 'On Front Lawn', 230.00, '2015-04-26 23:39:58', 0),
(121, 46, 210, 13, 'Green Waste', 0, 0, 0, 0, '30-04-2015', 0, '07-05-2015', 'On Driveway', 230.00, '2015-04-28 23:31:02', 1),
(122, 79, 211, 14, 'General Waste', 0, 0, 0, 0, '01-05-2015', 0, '08-05-2015', 'On Driveway', 290.00, '2015-04-29 06:47:55', 0),
(123, 78, 219, 15, 'General Waste', 0, 0, 0, 0, '11-05-2015', 0, '18-05-2015', 'On Driveway', 1000.00, '2015-05-03 02:52:32', 0),
(124, 74, 220, 13, 'General Waste', 0, 0, 0, 0, '04-05-2015', 0, '11-05-2015', 'On Driveway', 220.00, '2015-05-03 03:34:23', 0),
(125, 79, 230, 3, 'General Waste', 0, 0, 0, 0, '06-05-2015', 0, '13-05-2015', 'On Driveway', 350.00, '2015-05-04 15:29:03', 0),
(126, 80, 231, 2, 'General Waste', 0, 0, 0, 0, '06-05-2015', 0, '13-05-2015', 'On Front Lawn', 260.00, '2015-05-04 15:44:46', 0),
(127, 81, 232, 2, 'General Waste', 0, 0, 0, 0, '06-05-2015', 0, '13-05-2015', 'On Driveway', 260.00, '2015-05-05 00:26:11', 0);

-- --------------------------------------------------------

--
-- Table structure for table `wb_order_trans_rel`
--

CREATE TABLE IF NOT EXISTS `wb_order_trans_rel` (
  `id` int(11) NOT NULL AUTO_INCREMENT,
  `transaction_id` int(11) NOT NULL,
  `order_id` int(11) NOT NULL,
  PRIMARY KEY (`id`)
) ENGINE=MyISAM  DEFAULT CHARSET=latin1 AUTO_INCREMENT=120 ;

--
-- Dumping data for table `wb_order_trans_rel`
--

INSERT INTO `wb_order_trans_rel` (`id`, `transaction_id`, `order_id`) VALUES
(114, 107, 122),
(113, 106, 121),
(112, 105, 120),
(111, 104, 119),
(110, 103, 118),
(109, 102, 117),
(108, 101, 116),
(107, 100, 115),
(106, 99, 114),
(105, 98, 113),
(95, 90, 103),
(104, 97, 112),
(103, 97, 111),
(102, 96, 110),
(101, 95, 109),
(100, 95, 108),
(99, 94, 107),
(98, 93, 106),
(97, 92, 105),
(96, 91, 104),
(115, 108, 123),
(116, 109, 124),
(117, 110, 125),
(118, 111, 126),
(119, 112, 127);

-- --------------------------------------------------------

--
-- Table structure for table `wb_paypal_tbl`
--

CREATE TABLE IF NOT EXISTS `wb_paypal_tbl` (
  `TID` int(11) NOT NULL AUTO_INCREMENT,
  `transaction_id` int(11) NOT NULL,
  `item_name` varchar(255) COLLATE utf8_unicode_ci NOT NULL,
  `payer_email` varchar(150) COLLATE utf8_unicode_ci NOT NULL,
  `first_name` varchar(150) COLLATE utf8_unicode_ci NOT NULL,
  `last_name` varchar(150) COLLATE utf8_unicode_ci NOT NULL,
  `amount` float NOT NULL,
  `payment_fee` float NOT NULL,
  `currency` varchar(50) COLLATE utf8_unicode_ci NOT NULL,
  `country` varchar(50) COLLATE utf8_unicode_ci NOT NULL,
  `txn_id` varchar(100) COLLATE utf8_unicode_ci NOT NULL,
  `txn_type` varchar(100) COLLATE utf8_unicode_ci NOT NULL,
  `payer_id` varchar(50) COLLATE utf8_unicode_ci NOT NULL,
  `payment_status` varchar(100) COLLATE utf8_unicode_ci NOT NULL,
  `payment_type` varchar(100) COLLATE utf8_unicode_ci NOT NULL,
  `create_date` datetime NOT NULL,
  `payment_date` datetime NOT NULL,
  PRIMARY KEY (`TID`)
) ENGINE=MyISAM  DEFAULT CHARSET=utf8 COLLATE=utf8_unicode_ci AUTO_INCREMENT=14 ;

-- --------------------------------------------------------

--
-- Table structure for table `wb_products`
--

CREATE TABLE IF NOT EXISTS `wb_products` (
  `id` int(11) NOT NULL AUTO_INCREMENT,
  `p_title` varchar(40) NOT NULL,
  `p_bin_quantity` int(11) NOT NULL,
  `p_available_bin` int(11) NOT NULL,
  `p_summary` varchar(255) NOT NULL,
  `p_description` text,
  `p_status` tinyint(1) NOT NULL,
  `p_image_url` varchar(255) DEFAULT NULL,
  `p_price` float(12,2) NOT NULL DEFAULT '0.00',
  PRIMARY KEY (`id`)
) ENGINE=InnoDB  DEFAULT CHARSET=utf8 AUTO_INCREMENT=16 ;

--
-- Dumping data for table `wb_products`
--

INSERT INTO `wb_products` (`id`, `p_title`, `p_bin_quantity`, `p_available_bin`, `p_summary`, `p_description`, `p_status`, `p_image_url`, `p_price`) VALUES
(2, '4.0 - Cubic Meter Bin', 9, 8, '<p>Skip bins are great for General Household and Garage Clean ups, General Garden clean ups, Moving House, Building Renovation and Landscaping&nbsp;Waste</p>', '<p>Our <strong>4.0m<sup>3</sup></strong>&nbsp;Bin is&nbsp;classed as a&nbsp;medium Size Bin, it is the most common size bin in our range for General Household,Garage,&nbsp;Greenwaste, and Yard Clean ups</p>\r\n<p><strong>Length: </strong>2.4m</p>\r\n<p><strong>Width: </strong>1.6m</p>\r\n<p><strong>Height: </strong>1.2m</p>\r\n<p>Our Trucks need room to manoeuvre on site, please ensure that there is enough room for the truck to access your property, and that we have a lifting height to land your bin successfully.</p>\r\n<p>Our Minimum Requirements are&nbsp;</p>\r\n<p>Please Note: Included in the booking price for a <strong>4.0m<sup>3</sup></strong> bin<strong>&nbsp;</strong>is an allowable weight of 1.5&nbsp;tonnes of&nbsp;waste, any thing over this limit is automatically charged at $100/Tonne (Accept for Scrap Metal Bookings)</p>', 1, 'http://beaudesertareaskipbinhire.com/shop/assets/uploads/_2015_05_01_15_38_40.jpg', 250.00),
(3, '6.0 - Cubic Meter Bin', 100, 99, '<p>Skip bins are great for General Household and Garage Clean ups, General Garden clean ups, Moving House, Building Renovation and Landscaping Waste</p>', '<p>Our&nbsp;<strong>6.0m<sup>3</sup>&nbsp;</strong>Bin is&nbsp;classed as a&nbsp;medium Size Bin, it is the most common size bin in our range for General Household,Garage,&nbsp;Greenwaste, and Yard Clean ups</p>\r\n<p><strong>Length:</strong> <strong>&nbsp;</strong></p>\r\n<p><strong>Width:&nbsp;</strong></p>\r\n<p><strong>Height:&nbsp;</strong>1.2m</p>\r\n<p>Our Trucks need room to manoeuvre on site, please ensure that there is enough room for the truck to access your property, and that we have a lifting height to land your bin successfully.</p>\r\n<p>Our Minimum Requirements are&nbsp;</p>\r\n<p>Please Note: Included in the booking price for a&nbsp;<strong>6.0m<sup>3</sup></strong>&nbsp;bin<strong>&nbsp;</strong>is an allowable weight of 1.5&nbsp;tonnes of&nbsp;waste, any thing over this limit is automatically charged at $100/Tonne (Accept for Scrap Metal Bookings)</p>', 1, 'http://beaudesertareaskipbinhire.com/shop/assets/uploads/_2015_05_01_15_39_21.jpg', 340.00),
(4, '8.5 - Cubic Meter Bin', 9, 8, '<p>Skip bins are great for General Household and Garage Clean ups, General Garden clean ups, Moving House, Building Renovation and Landscaping&nbsp;Waste</p>', '<p><span lang=\\"\\\\&quot;\\\\\\\\&quot;\\\\\\\\\\\\\\\\&quot;\\\\\\\\\\\\\\\\\\\\\\\\\\\\\\\\&quot;\\\\\\\\\\\\\\\\\\\\\\\\\\\\\\\\\\\\\\\\\\\\\\\\\\\\\\\\\\\\\\\\&quot;\\\\\\\\\\\\\\\\\\\\\\\\\\\\\\\\\\\\\\\\\\\\\\\\\\\\\\\\\\\\\\\\\\\\\\\\\\\\\\\\\\\\\\\\\\\\\\\\\\\\\\\\\\\\\\\\\\\\\\\\\\\\\\\\&quot;\\\\\\\\\\\\\\\\\\\\\\\\\\\\\\\\\\\\\\\\\\\\\\\\\\\\\\\\\\\\\\\\\\\\\\\\\\\\\\\\\\\\\\\\\\\\\\\\\\\\\\\\\\\\\\\\\\\\\\\\\\\\\\\\\\\\\\\\\\\\\\\\\\\\\\\\\\\\\\\\\\\\\\\\\\\\\\\\\\\\\\\\\\\\\\\\\\\\\\\\\\\\\\\\\\\\\\\\\\\\\\\\\\\\\\\\\\\\\\\\\\\\\\\\\\\\\\\\&quot;EN-US\\\\\\\\\\\\\\\\\\\\\\\\\\\\\\\\\\\\\\\\\\\\\\\\\\\\\\\\\\\\\\\\\\\\\\\\\\\\\\\\\\\\\\\\\\\\\\\\\\\\\\\\\\\\\\\\\\\\\\\\\\\\\\\\\\\\\\\\\\\\\\\\\\\\\\\\\\\\\\\\\\\\\\\\\\\\\\\\\\\\\\\\\\\\\\\\\\\\\\\\\\\\\\\\\\\\\\\\\\\\\\\\\\\\\\\\\\\\\\\\\\\\\\\\\\\\\\\\&quot;\\\\\\\\\\\\\\\\\\\\\\\\\\\\\\\\\\\\\\\\\\\\\\\\\\\\\\\\\\\\\\\\\\\\\\\\\\\\\\\\\\\\\\\\\\\\\\\\\\\\\\\\\\\\\\\\\\\\\\\\\\\\\\\\&quot;\\\\\\\\\\\\\\\\\\\\\\\\\\\\\\\\\\\\\\\\\\\\\\\\\\\\\\\\\\\\\\\\&quot;\\\\\\\\\\\\\\\\\\\\\\\\\\\\\\\\&quot;\\\\\\\\\\\\\\\\&quot;\\\\\\\\&quot;\\\\&quot;\\">Our&nbsp;<sup><strong>8.5</strong></sup></span><sup><strong><span lang=\\"\\\\&quot;\\\\\\\\&quot;\\\\\\\\\\\\\\\\&quot;\\\\\\\\\\\\\\\\\\\\\\\\\\\\\\\\&quot;\\\\\\\\\\\\\\\\\\\\\\\\\\\\\\\\\\\\\\\\\\\\\\\\\\\\\\\\\\\\\\\\&quot;\\\\\\\\\\\\\\\\\\\\\\\\\\\\\\\\\\\\\\\\\\\\\\\\\\\\\\\\\\\\\\\\\\\\\\\\\\\\\\\\\\\\\\\\\\\\\\\\\\\\\\\\\\\\\\\\\\\\\\\\\\\\\\\\&quot;\\\\\\\\\\\\\\\\\\\\\\\\\\\\\\\\\\\\\\\\\\\\\\\\\\\\\\\\\\\\\\\\\\\\\\\\\\\\\\\\\\\\\\\\\\\\\\\\\\\\\\\\\\\\\\\\\\\\\\\\\\\\\\\\\\\\\\\\\\\\\\\\\\\\\\\\\\\\\\\\\\\\\\\\\\\\\\\\\\\\\\\\\\\\\\\\\\\\\\\\\\\\\\\\\\\\\\\\\\\\\\\\\\\\\\\\\\\\\\\\\\\\\\\\\\\\\\\\&quot;EN-US\\\\\\\\\\\\\\\\\\\\\\\\\\\\\\\\\\\\\\\\\\\\\\\\\\\\\\\\\\\\\\\\\\\\\\\\\\\\\\\\\\\\\\\\\\\\\\\\\\\\\\\\\\\\\\\\\\\\\\\\\\\\\\\\\\\\\\\\\\\\\\\\\\\\\\\\\\\\\\\\\\\\\\\\\\\\\\\\\\\\\\\\\\\\\\\\\\\\\\\\\\\\\\\\\\\\\\\\\\\\\\\\\\\\\\\\\\\\\\\\\\\\\\\\\\\\\\\\&quot;\\\\\\\\\\\\\\\\\\\\\\\\\\\\\\\\\\\\\\\\\\\\\\\\\\\\\\\\\\\\\\\\\\\\\\\\\\\\\\\\\\\\\\\\\\\\\\\\\\\\\\\\\\\\\\\\\\\\\\\\\\\\\\\\&quot;\\\\\\\\\\\\\\\\\\\\\\\\\\\\\\\\\\\\\\\\\\\\\\\\\\\\\\\\\\\\\\\\&quot;\\\\\\\\\\\\\\\\\\\\\\\\\\\\\\\\&quot;\\\\\\\\\\\\\\\\&quot;\\\\\\\\&quot;\\\\&quot;\\">m3</span></strong></sup><span lang=\\"\\\\&quot;\\\\\\\\&quot;\\\\\\\\\\\\\\\\&quot;\\\\\\\\\\\\\\\\\\\\\\\\\\\\\\\\&quot;\\\\\\\\\\\\\\\\\\\\\\\\\\\\\\\\\\\\\\\\\\\\\\\\\\\\\\\\\\\\\\\\&quot;\\\\\\\\\\\\\\\\\\\\\\\\\\\\\\\\\\\\\\\\\\\\\\\\\\\\\\\\\\\\\\\\\\\\\\\\\\\\\\\\\\\\\\\\\\\\\\\\\\\\\\\\\\\\\\\\\\\\\\\\\\\\\\\\&quot;\\\\\\\\\\\\\\\\\\\\\\\\\\\\\\\\\\\\\\\\\\\\\\\\\\\\\\\\\\\\\\\\\\\\\\\\\\\\\\\\\\\\\\\\\\\\\\\\\\\\\\\\\\\\\\\\\\\\\\\\\\\\\\\\\\\\\\\\\\\\\\\\\\\\\\\\\\\\\\\\\\\\\\\\\\\\\\\\\\\\\\\\\\\\\\\\\\\\\\\\\\\\\\\\\\\\\\\\\\\\\\\\\\\\\\\\\\\\\\\\\\\\\\\\\\\\\\\\&quot;EN-US\\\\\\\\\\\\\\\\\\\\\\\\\\\\\\\\\\\\\\\\\\\\\\\\\\\\\\\\\\\\\\\\\\\\\\\\\\\\\\\\\\\\\\\\\\\\\\\\\\\\\\\\\\\\\\\\\\\\\\\\\\\\\\\\\\\\\\\\\\\\\\\\\\\\\\\\\\\\\\\\\\\\\\\\\\\\\\\\\\\\\\\\\\\\\\\\\\\\\\\\\\\\\\\\\\\\\\\\\\\\\\\\\\\\\\\\\\\\\\\\\\\\\\\\\\\\\\\\&quot;\\\\\\\\\\\\\\\\\\\\\\\\\\\\\\\\\\\\\\\\\\\\\\\\\\\\\\\\\\\\\\\\\\\\\\\\\\\\\\\\\\\\\\\\\\\\\\\\\\\\\\\\\\\\\\\\\\\\\\\\\\\\\\\\&quot;\\\\\\\\\\\\\\\\\\\\\\\\\\\\\\\\\\\\\\\\\\\\\\\\\\\\\\\\\\\\\\\\&quot;\\\\\\\\\\\\\\\\\\\\\\\\\\\\\\\\&quot;\\\\\\\\\\\\\\\\&quot;\\\\\\\\&quot;\\\\&quot;\\">&nbsp;Bin is our&nbsp;large Size Bin, It is more commonly &nbsp;used for General Household, Garage,&nbsp;Greenwaste, Yard,&nbsp;Scrap Metal, and Commercial Cleanups&nbsp;</span></p>\r\n<p><strong>Length:&nbsp;</strong>4.20m</p>\r\n<p><strong>Width: </strong>1.70m</p>\r\n<p><strong>Height:&nbsp;</strong>1.45m&nbsp;&nbsp;Our Trucks need room to manoeuvre on site, please ensure that there is enough room for the truck to access your property, and that we have a lifting height to land your bin successfully.</p>\r\n<p>Our Minimum Requirements are&nbsp;</p>\r\n<p>Please Note: Included in the booking price for a&nbsp;<strong>8.5m<sup>3</sup></strong>&nbsp;bin<strong>&nbsp;</strong>is an allowable weight of 2.0&nbsp;tonnes of&nbsp;waste, any thing over this limit is automatically charged at $100/Tonne (Accept for Scrap Metal Bookings)</p>', 1, 'http://beaudesertareaskipbinhire.com/shop/assets/uploads/_2015_05_01_15_39_40.jpg', 455.00),
(12, '11.0 - Cubic Metre Bin ', 2, 2, '<p>Skip bins are great for General Household and Garage Clean ups, General Garden clean ups, Moving House, Building Renovation and Landscaping&nbsp;Waste</p>', '<p><span lang=\\"\\\\&quot;\\\\\\\\&quot;\\\\\\\\\\\\\\\\&quot;\\\\\\\\\\\\\\\\\\\\\\\\\\\\\\\\&quot;\\\\\\\\\\\\\\\\\\\\\\\\\\\\\\\\\\\\\\\\\\\\\\\\\\\\\\\\\\\\\\\\&quot;\\\\\\\\\\\\\\\\\\\\\\\\\\\\\\\\\\\\\\\\\\\\\\\\\\\\\\\\\\\\\\\\\\\\\\\\\\\\\\\\\\\\\\\\\\\\\\\\\\\\\\\\\\\\\\\\\\\\\\\\\\\\\\\\&quot;\\\\\\\\\\\\\\\\\\\\\\\\\\\\\\\\\\\\\\\\\\\\\\\\\\\\\\\\\\\\\\\\\\\\\\\\\\\\\\\\\\\\\\\\\\\\\\\\\\\\\\\\\\\\\\\\\\\\\\\\\\\\\\\\\\\\\\\\\\\\\\\\\\\\\\\\\\\\\\\\\\\\\\\\\\\\\\\\\\\\\\\\\\\\\\\\\\\\\\\\\\\\\\\\\\\\\\\\\\\\\\\\\\\\\\\\\\\\\\\\\\\\\\\\\\\\\\\\&quot;\\\\\\\\\\\\\\\\\\\\\\\\\\\\\\\\\\\\\\\\\\\\\\\\\\\\\\\\\\\\\\\\\\\\\\\\\\\\\\\\\\\\\\\\\\\\\\\\\\\\\\\\\\\\\\\\\\\\\\\\\\\\\\\\\\\\\\\\\\\\\\\\\\\\\\\\\\\\\\\\\\\\\\\\\\\\\\\\\\\\\\\\\\\\\\\\\\\\\\\\\\\\\\\\\\\\\\\\\\\\\\\\\\\\\\\\\\\\\\\\\\\\\\\\\\\\\\\\\\\\\\\\\\\\\\\\\\\\\\\\\\\\\\\\\\\\\\\\\\\\\\\\\\\\\\\\\\\\\\\\\\\\\\\\\\\\\\\\\\\\\\\\\\\\\\\\\\\\\\\\\\\\\\\\\\\\\\\\\\\\\\\\\\\\\\\\\\\\\\\\\\\\\\\\\\\\\\\\\\\\\\\\\\\\\\\\\\\\\\\\\\\\\\\\\\\\\\\\\\\\\\\\\\\\\\\\\\\\\\\\\\\\\\\\\\\\\\\\\\\\\\\\\\\\\\\\&quot;\\\\\\\\\\\\\\\\\\\\\\\\\\\\\\\\\\\\\\\\\\\\\\\\\\\\\\\\\\\\\\\\\\\\\\\\\\\\\\\\\\\\\\\\\\\\\\\\\\\\\\\\\\\\\\\\\\\\\\\\\\\\\\\\\\\\\\\\\\\\\\\\\\\\\\\\\\\\\\\\\\\\\\\\\\\\\\\\\\\\\\\\\\\\\\\\\\\\\\\\\\\\\\\\\\\\\\\\\\\\\\\\\\\\\\\\\\\\\\\\\\\\\\\\\\\\\\\\\\\\\\\\\\\\\\\\\\\\\\\\\\\\\\\\\\\\\\\\\\\\\\\\\\\\\\\\\\\\\\\\\\\\\\\\\\\\\\\\\\\\\\\\\\\\\\\\\\\\\\\\\\\\\\\\\\\\\\\\\\\\\\\\\\\\\\\\\\\\\\\\\\\\\\\\\\\\\\\\\\\\\\\\\\\\\\\\\\\\\\\\\\\\\\\\\\\\\\\\\\\\\\\\\\\\\\\\\\\\\\\\\\\\\\\\\\\\\\\\\\\\\\\\\\\\\\\\\\\\\\\\\\\\\\\\\\\\\\\\\\\\\\\\\\\\\\\\\\\\\\\\\\\\\\\\\\\\\\\\\\\\\\\\\\\\\\\\\\\\\\\\\\\\\\\\\\\\\\\\\\\\\\\\\\\\\\\\\\\\\\\\\\\\\\\\\\\\\\\\\\\\\\\\\\\\\\\\\\\\\\\\\\\\\\\\\\\\\\\\\\\\\\\\\\\\\\\\\\\\\\\\\\\\\\\\\\\\\\\\\\\\\\\\\\\\\\\\\\\\\\\\\\\\\\\\\\\\\\\\\\\\\\\\\\\\\\\\\\\\\\\\\\\\\\\\\\\\\\\\\\\\\\\\\\\\\\\\\\\\\\\\\\\\\\\\\\\\\\\\\\\\\\\\\\\\\\\\\\\\\\\\\\\\\\\\\\\\\\\\\\\\\\\\\\\\\\\\\\\\\\\\\\\\\\\\\\\\\\\\\\\\\\\\\\\\\\\\\\\\\\\\\\\\\\\\\\\\\\\\\\\\\\\\\\\\\\\\\\\\\\\\\\\\\\\\\\\\\\\\\\\\\\\\&quot;\\\\\\\\\\\\\\\\\\\\\\\\\\\\\\\\\\\\\\\\\\\\\\\\\\\\\\\\\\\\\\\\\\\\\\\\\\\\\\\\\\\\\\\\\\\\\\\\\\\\\\\\\\\\\\\\\\\\\\\\\\\\\\\\\\\\\\\\\\\\\\\\\\\\\\\\\\\\\\\\\\\\\\\\\\\\\\\\\\\\\\\\\\\\\\\\\\\\\\\\\\\\\\\\\\\\\\\\\\\\\\\\\\\\\\\\\\\\\\\\\\\\\\\\\\\\\\\\\\\\\\\\\\\\\\\\\\\\\\\\\\\\\\\\\\\\\\\\\\\\\\\\\\\\\\\\\\\\\\\\\\\\\\\\\\\\\\\\\\\\\\\\\\\\\\\\\\\\\\\\\\\\\\\\\\\\\\\\\\\\\\\\\\\\\\\\\\\\\\\\\\\\\\\\\\\\\\\\\\\\\\\\\\\\\\\\\\\\\\\\\\\\\\\\\\\\\\\\\\\\\\\\\\\\\\\\\\\\\\\\\\\\\\\\\\\\\\\\\\\\\\\\\\\\\\\\\\\\\\\\\\\\\\\\\\\\\\\\\\\\\\\\\\\\\\\\\\\\\\\\\\\\\\\\\\\\\\\\\\\\\\\\\\\\\\\\\\\\\\\\\\\\\\\\\\\\\\\\\\\\\\\\\\\\\\\\\\\\\\\\\\\\\\\\\\\\\\\\\\\\\\\\\\\\\\\\\\\\\\\\\\\\\\\\\\\\\\\\\\\\\\\\\\\\\\\\\\\\\\\\\\\\\\\\\\\\\\\\\\\\\\\\\\\\\\\\\\\\\\\\\\\\\\\\\\\\\\\\\\\\\\\\\\\\\\\\\\\\\\\\\\\\\\\\\\\\\\\\\\\\\\\\\\\\\\\\\\\\\\\\\\\\\\\\\\\\\\\\\\\\\\\\\\\\\\\\\\\\\\\\\\\\\\\\\\\\\\\\\\\\\\\\\\\\\\\\\\\\\\\\\\\\\\\\\\\\\\\\\\\\\\\\\\\\\\\\\\\\\\\\\\\\\\\\\\\\\\\\\\\\\\\\\\\\\\\\\\\\\\\\\\\\\\\\\\\\\\\\\\\\\\\\\\\\\\\\\\\\\\\\\\\\\\\\\\\\\\\\\\\\\\\\\\\\\\\\\\\\\\\\\\\\\\\\\\\\\\\\\\\\\\\\\\\\\\\\\\\\\\\\\\\\\\\\\\\\\\\\\\\\\\\\\\\\\\\\\\\\\\\\\\\\\\\\\\\\\\\\\\\\\\\\\\\\\\\\\\\\\\\\\\\\\\\\\\\\\\\\\\\\\\\\\\\\\\\\\\\\\\\\\\\\\\\\\\\\\\\\\\\\\\\\\\\\\\\\\\\\\\\\\\\\\\\\\\\\\\\\\\\\\\\\\\\\\\\\\\\\\\\\\\\\\\\\\\\\\\\\\\\\\\\\\\\\\\\\\\\\\\\\\\\\\\\\\\\\\\\\\\\\\\\\\\\\\\\\\\\\\\\\\\\\\\\\\\\\\\\\\\\\\\\\\\\\\\\\\\\\\\\\\\\\\\\\\\\\\\\\\\\\\\\\\\\\\\\\\\\\\\\\\\\\\\\\\\\\\\\\\\\\\\\\\\\\\\\\\\\\\\\\\\\\\\\\\\\\\\\\\\\\\\\\\\\\\\\\\\\\\\\\\\\\\\\\\\\\\\\\\\\\\\\\\\\\\\\\\\\\\\\\\\\\\\\\\\\\\\\\\\\\\\\\\\\\\\\\\\\\\\\\\\\\\\\\\\\\\\\\\\\\\\\\\\\\\\\\\\\\\\\\\\\\\\\\\\\\\\\\\\\\\\\\\\\\\\\\\\\\\\\\\\\\\\\\\\\\\\\\\\\\\\\\\\\\\\\\\\\\\\\\\\\\\\\\\\\\\\\\\\\\\\\\\\\\\\\\\\\\\\\\\\\\\\\\\\\\\\\\\\\\\\\\\\\\\\\\\\\\\\\\\\\\\\\\\\\\\\\\\\\\\\\\\\\\\\\\\\\\\\\\\\\\\\\\\\\\\\\\\\\\\\\\\\\\\\\\\\\\\\\\\\\\\\\\\\\\\\\\\\\\\\\\\\\\\\\\\\\\\\\\\\\\\\\\\\\\\\\\\\\\\\\\\\\\\\\\\\\\\\\\\\\\\\\\\\\\\\\\\\\\\\\\\\\\\\\\\\\\\\\\\\\\\\\\&quot;EN-US\\\\\\\\\\\\\\\\\\\\\\\\\\\\\\\\\\\\\\\\\\\\\\\\\\\\\\\\\\\\\\\\\\\\\\\\\\\\\\\\\\\\\\\\\\\\\\\\\\\\\\\\\\\\\\\\\\\\\\\\\\\\\\\\\\\\\\\\\\\\\\\\\\\\\\\\\\\\\\\\\\\\\\\\\\\\\\\\\\\\\\\\\\\\\\\\\\\\\\\\\\\\\\\\\\\\\\\\\\\\\\\\\\\\\\\\\\\\\\\\\\\\\\\\\\\\\\\\\\\\\\\\\\\\\\\\\\\\\\\\\\\\\\\\\\\\\\\\\\\\\\\\\\\\\\\\\\\\\\\\\\\\\\\\\\\\\\\\\\\\\\\\\\\\\\\\\\\\\\\\\\\\\\\\\\\\\\\\\\\\\\\\\\\\\\\\\\\\\\\\\\\\\\\\\\\\\\\\\\\\\\\\\\\\\\\\\\\\\\\\\\\\\\\\\\\\\\\\\\\\\\\\\\\\\\\\\\\\\\\\\\\\\\\\\\\\\\\\\\\\\\\\\\\\\\\\\\\\\\\\\\\\\\\\\\\\\\\\\\\\\\\\\\\\\\\\\\\\\\\\\\\\\\\\\\\\\\\\\\\\\\\\\\\\\\\\\\\\\\\\\\\\\\\\\\\\\\\\\\\\\\\\\\\\\\\\\\\\\\\\\\\\\\\\\\\\\\\\\\\\\\\\\\\\\\\\\\\\\\\\\\\\\\\\\\\\\\\\\\\\\\\\\\\\\\\\\\\\\\\\\\\\\\\\\\\\\\\\\\\\\\\\\\\\\\\\\\\\\\\\\\\\\\\\\\\\\\\\\\\\\\\\\\\\\\\\\\\\\\\\\\\\\\\\\\\\\\\\\\\\\\\\\\\\\\\\\\\\\\\\\\\\\\\\\\\\\\\\\\\\\\\\\\\\\\\\\\\\\\\\\\\\\\\\\\\\\\\\\\\\\\\\\\\\\\\\\\\\\\\\\\\\\\\\\\\\\\\\\\\\\\\\\\\\\\\\\\\\\\\\\\\\\\\\\\\\\\\\\\\\\\\\\\\\\\\\\\\\\\\\\\\\\\\\\\\\\\\\\\\\\\\\\\\\\\\\\\\\\\\\\\\\\\\\\\\\\\\\\\\\\\\\\\\\\\\\\\\\\\\\\\\\\\\\\\\\\\\\\\\\\\\\\\\\\\\\\\\\\\\\\\\\\\\\\\\\\\\\\\\\\\\\\\\\\\\\\\\\\\\\\\\\\\\\\\\\\\\\\\\\\\\\\\\\\\\\\\\\\\\\\\\\\\\\\\\\\\\\\\\\\\\\\\\\\\\\\\\\\\\\\\\\\\\\\\\\\\\\\\\\\\\\\\\\\\\\\\\\\\\\\\\\\\\\\\\\\\\\\\\\\\\\\\\\\\\\\\\\\\\\\\\\\\\\\\\\\\\\\\\\\\\\\\\\\\\\\\\\\\\\\\\\\\\\\\\\\\\\\\\\\\\\\\\\\\\\\\\\\\\\\\\\\\\\\\\\\\\\\\\\\\\\\\\\\\\\\\\\\\\\\\\\\\\\\\\\\\\\\\\\\\\\\\\\\\\\\\\\\\\\\\\\\\\\\\\\\\\\\\\\\\\\\\\\\\\\\\\\\\\\\\\\\\\\\\\\\\\\\\\\\\\\\\\\\\\\\\\\\\\\\\\\\\\\\\\\\\\\\\\\\\\\\\\\\\\\\\\\\\\\\\\\\\\\\\\\\\\\\\\\\\\\\\\\\\\\\\\\\\\\\\\\\\\\\\\\\\\\\\\\\\\\\\\\\\\\\\\\\\\\\\\\\\\\\\\\\\\\\\\\\\\\\\\\\\\\\\\\\\\\\\\\\\\\\\\\\\\\\\\\\\\\\\\\\\\\\\\\\\\\\\\\\\\\\\\\\\\\\\\\\\\\\\\\\\\\\\\\\\\\\\\\\\\\\\\\\\\\\\\\\\\\\\\\\\\\\\\\\\\\\\\\\\\\\\\\\\\\\\\\\\\\\\\\\\\\\\\\\\\\\\\\\\\\\\\\\\\\\\\\\\\\\\\\\\\\\\\\\\\\\\\\\\\\\\\\\\\\\\\\\\\\\\\\\\\\\\\\\\\\\\\\\\\\\\\\\\\\\\\\\\\\\\\\\\\\\\\\\\\\\\\\\\\\\\\\\\\\\\\\\\\\\\\\\\\\\\\\\\\\\\\\\\\\&quot;\\\\\\\\\\\\\\\\\\\\\\\\\\\\\\\\\\\\\\\\\\\\\\\\\\\\\\\\\\\\\\\\\\\\\\\\\\\\\\\\\\\\\\\\\\\\\\\\\\\\\\\\\\\\\\\\\\\\\\\\\\\\\\\\\\\\\\\\\\\\\\\\\\\\\\\\\\\\\\\\\\\\\\\\\\\\\\\\\\\\\\\\\\\\\\\\\\\\\\\\\\\\\\\\\\\\\\\\\\\\\\\\\\\\\\\\\\\\\\\\\\\\\\\\\\\\\\\\\\\\\\\\\\\\\\\\\\\\\\\\\\\\\\\\\\\\\\\\\\\\\\\\\\\\\\\\\\\\\\\\\\\\\\\\\\\\\\\\\\\\\\\\\\\\\\\\\\\\\\\\\\\\\\\\\\\\\\\\\\\\\\\\\\\\\\\\\\\\\\\\\\\\\\\\\\\\\\\\\\\\\\\\\\\\\\\\\\\\\\\\\\\\\\\\\\\\\\\\\\\\\\\\\\\\\\\\\\\\\\\\\\\\\\\\\\\\\\\\\\\\\\\\\\\\\\\\\\\\\\\\\\\\\\\\\\\\\\\\\\\\\\\\\\\\\\\\\\\\\\\\\\\\\\\\\\\\\\\\\\\\\\\\\\\\\\\\\\\\\\\\\\\\\\\\\\\\\\\\\\\\\\\\\\\\\\\\\\\\\\\\\\\\\\\\\\\\\\\\\\\\\\\\\\\\\\\\\\\\\\\\\\\\\\\\\\\\\\\\\\\\\\\\\\\\\\\\\\\\\\\\\\\\\\\\\\\\\\\\\\\\\\\\\\\\\\\\\\\\\\\\\\\\\\\\\\\\\\\\\\\\\\\\\\\\\\\\\\\\\\\\\\\\\\\\\\\\\\\\\\\\\\\\\\\\\\\\\\\\\\\\\\\\\\\\\\\\\\\\\\\\\\\\\\\\\\\\\\\\\\\\\\\\\\\\\\\\\\\\\\\\\\\\\\\\\\\\\\\\\\\\\\\\\\\\\\\\\\\\\\\\\\\\\\\\\\\\\\\\\\\\\\\\\\\\\\\\\\\\\\\\\\\\\\\\\\\\\\\\\\\\\\\\\\\\\\\\\\\\\\\\\\\\&quot;\\\\\\\\\\\\\\\\\\\\\\\\\\\\\\\\\\\\\\\\\\\\\\\\\\\\\\\\\\\\\\\\\\\\\\\\\\\\\\\\\\\\\\\\\\\\\\\\\\\\\\\\\\\\\\\\\\\\\\\\\\\\\\\\\\\\\\\\\\\\\\\\\\\\\\\\\\\\\\\\\\\\\\\\\\\\\\\\\\\\\\\\\\\\\\\\\\\\\\\\\\\\\\\\\\\\\\\\\\\\\\\\\\\\\\\\\\\\\\\\\\\\\\\\\\\\\\\\\\\\\\\\\\\\\\\\\\\\\\\\\\\\\\\\\\\\\\\\\\\\\\\\\\\\\\\\\\\\\\\\\\\\\\\\\\\\\\\\\\\\\\\\\\\\\\\\\\\\\\\\\\\\\\\\\\\\\\\\\\\\\\\\\\\\\\\\\\\\\\\\\\\\\\\\\\\\\\\\\\\\\\\\\\\\\\\\\\\\\\\\\\\\\\\\\\\\\\\\\\\\\\\\\\\\\\\\\\\\\\\\\\\\\\\\\\\\\\\\\\\\\\\\\\\\\\\\&quot;\\\\\\\\\\\\\\\\\\\\\\\\\\\\\\\\\\\\\\\\\\\\\\\\\\\\\\\\\\\\\\\\\\\\\\\\\\\\\\\\\\\\\\\\\\\\\\\\\\\\\\\\\\\\\\\\\\\\\\\\\\\\\\\\\\\\\\\\\\\\\\\\\\\\\\\\\\\\\\\\\\\\\\\\\\\\\\\\\\\\\\\\\\\\\\\\\\\\\\\\\\\\\\\\\\\\\\\\\\\\\\\\\\\\\\\\\\\\\\\\\\\\\\\\\\\\\\\\&quot;\\\\\\\\\\\\\\\\\\\\\\\\\\\\\\\\\\\\\\\\\\\\\\\\\\\\\\\\\\\\\\\\\\\\\\\\\\\\\\\\\\\\\\\\\\\\\\\\\\\\\\\\\\\\\\\\\\\\\\\\\\\\\\\\&quot;\\\\\\\\\\\\\\\\\\\\\\\\\\\\\\\\\\\\\\\\\\\\\\\\\\\\\\\\\\\\\\\\&quot;\\\\\\\\\\\\\\\\\\\\\\\\\\\\\\\\&quot;\\\\\\\\\\\\\\\\&quot;\\\\\\\\&quot;\\\\&quot;\\">Our&nbsp;<sup><strong>11.0</strong></sup></span><sup><strong><span lang=\\"\\\\&quot;\\\\\\\\&quot;\\\\\\\\\\\\\\\\&quot;\\\\\\\\\\\\\\\\\\\\\\\\\\\\\\\\&quot;\\\\\\\\\\\\\\\\\\\\\\\\\\\\\\\\\\\\\\\\\\\\\\\\\\\\\\\\\\\\\\\\&quot;\\\\\\\\\\\\\\\\\\\\\\\\\\\\\\\\\\\\\\\\\\\\\\\\\\\\\\\\\\\\\\\\\\\\\\\\\\\\\\\\\\\\\\\\\\\\\\\\\\\\\\\\\\\\\\\\\\\\\\\\\\\\\\\\&quot;\\\\\\\\\\\\\\\\\\\\\\\\\\\\\\\\\\\\\\\\\\\\\\\\\\\\\\\\\\\\\\\\\\\\\\\\\\\\\\\\\\\\\\\\\\\\\\\\\\\\\\\\\\\\\\\\\\\\\\\\\\\\\\\\\\\\\\\\\\\\\\\\\\\\\\\\\\\\\\\\\\\\\\\\\\\\\\\\\\\\\\\\\\\\\\\\\\\\\\\\\\\\\\\\\\\\\\\\\\\\\\\\\\\\\\\\\\\\\\\\\\\\\\\\\\\\\\\\&quot;\\\\\\\\\\\\\\\\\\\\\\\\\\\\\\\\\\\\\\\\\\\\\\\\\\\\\\\\\\\\\\\\\\\\\\\\\\\\\\\\\\\\\\\\\\\\\\\\\\\\\\\\\\\\\\\\\\\\\\\\\\\\\\\\\\\\\\\\\\\\\\\\\\\\\\\\\\\\\\\\\\\\\\\\\\\\\\\\\\\\\\\\\\\\\\\\\\\\\\\\\\\\\\\\\\\\\\\\\\\\\\\\\\\\\\\\\\\\\\\\\\\\\\\\\\\\\\\\\\\\\\\\\\\\\\\\\\\\\\\\\\\\\\\\\\\\\\\\\\\\\\\\\\\\\\\\\\\\\\\\\\\\\\\\\\\\\\\\\\\\\\\\\\\\\\\\\\\\\\\\\\\\\\\\\\\\\\\\\\\\\\\\\\\\\\\\\\\\\\\\\\\\\\\\\\\\\\\\\\\\\\\\\\\\\\\\\\\\\\\\\\\\\\\\\\\\\\\\\\\\\\\\\\\\\\\\\\\\\\\\\\\\\\\\\\\\\\\\\\\\\\\\\\\\\\\\&quot;\\\\\\\\\\\\\\\\\\\\\\\\\\\\\\\\\\\\\\\\\\\\\\\\\\\\\\\\\\\\\\\\\\\\\\\\\\\\\\\\\\\\\\\\\\\\\\\\\\\\\\\\\\\\\\\\\\\\\\\\\\\\\\\\\\\\\\\\\\\\\\\\\\\\\\\\\\\\\\\\\\\\\\\\\\\\\\\\\\\\\\\\\\\\\\\\\\\\\\\\\\\\\\\\\\\\\\\\\\\\\\\\\\\\\\\\\\\\\\\\\\\\\\\\\\\\\\\\\\\\\\\\\\\\\\\\\\\\\\\\\\\\\\\\\\\\\\\\\\\\\\\\\\\\\\\\\\\\\\\\\\\\\\\\\\\\\\\\\\\\\\\\\\\\\\\\\\\\\\\\\\\\\\\\\\\\\\\\\\\\\\\\\\\\\\\\\\\\\\\\\\\\\\\\\\\\\\\\\\\\\\\\\\\\\\\\\\\\\\\\\\\\\\\\\\\\\\\\\\\\\\\\\\\\\\\\\\\\\\\\\\\\\\\\\\\\\\\\\\\\\\\\\\\\\\\\\\\\\\\\\\\\\\\\\\\\\\\\\\\\\\\\\\\\\\\\\\\\\\\\\\\\\\\\\\\\\\\\\\\\\\\\\\\\\\\\\\\\\\\\\\\\\\\\\\\\\\\\\\\\\\\\\\\\\\\\\\\\\\\\\\\\\\\\\\\\\\\\\\\\\\\\\\\\\\\\\\\\\\\\\\\\\\\\\\\\\\\\\\\\\\\\\\\\\\\\\\\\\\\\\\\\\\\\\\\\\\\\\\\\\\\\\\\\\\\\\\\\\\\\\\\\\\\\\\\\\\\\\\\\\\\\\\\\\\\\\\\\\\\\\\\\\\\\\\\\\\\\\\\\\\\\\\\\\\\\\\\\\\\\\\\\\\\\\\\\\\\\\\\\\\\\\\\\\\\\\\\\\\\\\\\\\\\\\\\\\\\\\\\\\\\\\\\\\\\\\\\\\\\\\\\\\\\\\\\\\\\\\\\\\\\\\\\\\\\\\\\\\\\\\\\\\\\\\\\\\\\\\\\\\\\\\\\\\\\\\\\\\\\\\\\\\\\\\\\\\\\\\\\\\\\\&quot;\\\\\\\\\\\\\\\\\\\\\\\\\\\\\\\\\\\\\\\\\\\\\\\\\\\\\\\\\\\\\\\\\\\\\\\\\\\\\\\\\\\\\\\\\\\\\\\\\\\\\\\\\\\\\\\\\\\\\\\\\\\\\\\\\\\\\\\\\\\\\\\\\\\\\\\\\\\\\\\\\\\\\\\\\\\\\\\\\\\\\\\\\\\\\\\\\\\\\\\\\\\\\\\\\\\\\\\\\\\\\\\\\\\\\\\\\\\\\\\\\\\\\\\\\\\\\\\\\\\\\\\\\\\\\\\\\\\\\\\\\\\\\\\\\\\\\\\\\\\\\\\\\\\\\\\\\\\\\\\\\\\\\\\\\\\\\\\\\\\\\\\\\\\\\\\\\\\\\\\\\\\\\\\\\\\\\\\\\\\\\\\\\\\\\\\\\\\\\\\\\\\\\\\\\\\\\\\\\\\\\\\\\\\\\\\\\\\\\\\\\\\\\\\\\\\\\\\\\\\\\\\\\\\\\\\\\\\\\\\\\\\\\\\\\\\\\\\\\\\\\\\\\\\\\\\\\\\\\\\\\\\\\\\\\\\\\\\\\\\\\\\\\\\\\\\\\\\\\\\\\\\\\\\\\\\\\\\\\\\\\\\\\\\\\\\\\\\\\\\\\\\\\\\\\\\\\\\\\\\\\\\\\\\\\\\\\\\\\\\\\\\\\\\\\\\\\\\\\\\\\\\\\\\\\\\\\\\\\\\\\\\\\\\\\\\\\\\\\\\\\\\\\\\\\\\\\\\\\\\\\\\\\\\\\\\\\\\\\\\\\\\\\\\\\\\\\\\\\\\\\\\\\\\\\\\\\\\\\\\\\\\\\\\\\\\\\\\\\\\\\\\\\\\\\\\\\\\\\\\\\\\\\\\\\\\\\\\\\\\\\\\\\\\\\\\\\\\\\\\\\\\\\\\\\\\\\\\\\\\\\\\\\\\\\\\\\\\\\\\\\\\\\\\\\\\\\\\\\\\\\\\\\\\\\\\\\\\\\\\\\\\\\\\\\\\\\\\\\\\\\\\\\\\\\\\\\\\\\\\\\\\\\\\\\\\\\\\\\\\\\\\\\\\\\\\\\\\\\\\\\\\\\\\\\\\\\\\\\\\\\\\\\\\\\\\\\\\\\\\\\\\\\\\\\\\\\\\\\\\\\\\\\\\\\\\\\\\\\\\\\\\\\\\\\\\\\\\\\\\\\\\\\\\\\\\\\\\\\\\\\\\\\\\\\\\\\\\\\\\\\\\\\\\\\\\\\\\\\\\\\\\\\\\\\\\\\\\\\\\\\\\\\\\\\\\\\\\\\\\\\\\\\\\\\\\\\\\\\\\\\\\\\\\\\\\\\\\\\\\\\\\\\\\\\\\\\\\\\\\\\\\\\\\\\\\\\\\\\\\\\\\\\\\\\\\\\\\\\\\\\\\\\\\\\\\\\\\\\\\\\\\\\\\\\\\\\\\\\\\\\\\\\\\\\\\\\\\\\\\\\\\\\\\\\\\\\\\\\\\\\\\\\\\\\\\\\\\\\\\\\\\\\\\\\\\\\\\\\\\\\\\\\\\\\\\\\\\\\\\\\\\\\\\\\\\\\\\\\\\\\\\\\\\\\\\\\\\\\\\\\\\\\\\\\\\\\\\\\\\\\\\\\\\\\\\\\\\\\\\\\\\\\\\\\\\\\\\\\\\\\\\\\\\\\\\\\\\\\\\\\\\\\\\\\\\\\\\\\\\\\\\\\\\\\\\\\\\\\\\\\\\\\\\\\\\\\\\\\\\\\\\\\\\\\\\\\\\\\\\\\\\\\\\\\\\\\\\\\\\\\\\\\\\\\\\\\\\\\\\\\\\\\\\\\\\\\\\\\\\\\\\\\\\\\\\\\\\\\\\\\\\\\\\\\\\\\\\\\\\\\\\\\\\\\\\\\\\\\\\\\\\\\\\\\\\\\\\\\\\\\\\\\\\\\\\\\\\\\\\\\\\\\\\\\\\\\\\\\\\\\\\\\\\\\\\\\\\\\\\\\\\\\\\\\\\\\\\\\\\\\\\\\\\\\\\\\\\\\\\\\\\\\\\\\\\\\\\\\\\\\\\\\\\\\\\\\\\\\\\\\\\\\\\\\\\\\\\\\\\\\\\\\\\\\\\\\\\\\\\\\\\\\\\\\\\\\\\\\\\\\\\\\\\\\\\\\\\\\\\\\\\\\\\\\\\\\\\\\\\\\\\\\\\\&quot;EN-US\\\\\\\\\\\\\\\\\\\\\\\\\\\\\\\\\\\\\\\\\\\\\\\\\\\\\\\\\\\\\\\\\\\\\\\\\\\\\\\\\\\\\\\\\\\\\\\\\\\\\\\\\\\\\\\\\\\\\\\\\\\\\\\\\\\\\\\\\\\\\\\\\\\\\\\\\\\\\\\\\\\\\\\\\\\\\\\\\\\\\\\\\\\\\\\\\\\\\\\\\\\\\\\\\\\\\\\\\\\\\\\\\\\\\\\\\\\\\\\\\\\\\\\\\\\\\\\\\\\\\\\\\\\\\\\\\\\\\\\\\\\\\\\\\\\\\\\\\\\\\\\\\\\\\\\\\\\\\\\\\\\\\\\\\\\\\\\\\\\\\\\\\\\\\\\\\\\\\\\\\\\\\\\\\\\\\\\\\\\\\\\\\\\\\\\\\\\\\\\\\\\\\\\\\\\\\\\\\\\\\\\\\\\\\\\\\\\\\\\\\\\\\\\\\\\\\\\\\\\\\\\\\\\\\\\\\\\\\\\\\\\\\\\\\\\\\\\\\\\\\\\\\\\\\\\\\\\\\\\\\\\\\\\\\\\\\\\\\\\\\\\\\\\\\\\\\\\\\\\\\\\\\\\\\\\\\\\\\\\\\\\\\\\\\\\\\\\\\\\\\\\\\\\\\\\\\\\\\\\\\\\\\\\\\\\\\\\\\\\\\\\\\\\\\\\\\\\\\\\\\\\\\\\\\\\\\\\\\\\\\\\\\\\\\\\\\\\\\\\\\\\\\\\\\\\\\\\\\\\\\\\\\\\\\\\\\\\\\\\\\\\\\\\\\\\\\\\\\\\\\\\\\\\\\\\\\\\\\\\\\\\\\\\\\\\\\\\\\\\\\\\\\\\\\\\\\\\\\\\\\\\\\\\\\\\\\\\\\\\\\\\\\\\\\\\\\\\\\\\\\\\\\\\\\\\\\\\\\\\\\\\\\\\\\\\\\\\\\\\\\\\\\\\\\\\\\\\\\\\\\\\\\\\\\\\\\\\\\\\\\\\\\\\\\\\\\\\\\\\\\\\\\\\\\\\\\\\\\\\\\\\\\\\\\\\\\\\\\\\\\\\\\\\\\\\\\\\\\\\\\\\\\\\\\\\\\\\\\\\\\\\\\\\\\\\\\\\\\\\\\\\\\\\\\\\\\\\\\\\\\\\\\\\\\\\\\\\\\\\\\\\\\\\\\\\\\\\\\\\\\\\\\\\\\\\\\\\\\\\\\\\\\\\\\\\\\\\\\\\\\\\\\\\\\\\\\\\\\\\\\\\\\\\\\\\\\\\\\\\\\\\\\\\\\\\\\\\\\\\\\\\\\\\\\\\\\\\\\\\\\\\\\\\\\\\\\\\\\\\\\\\\\\\\\\\\\\\\\\\\\\\\\\\\\\\\\\\\\\\\\\\\\\\\\\\\\\\\\\\\\\\\\\\\\\\\\\\\\\\\\\\\\\\\\\\\\\\\\\\\\\\\\\\\\\\\\\\\\\\\\\\\\\\\\\\\\\\\\\\\\\\\\\\\\\\\\\\\\\\\\\\\\\\\\\\\\\\\\\\\\\\\\\\\\\\\\\\\\\\\\\\\\\\\\\\\\\\\\\\\\\\\\\\\\\\\\\\\\\\\\\\\\\\\\\\\\\\\\\\\\\\\\\\\\\\\\\\\\\\\\\\\\\\\\\\\\\\\\\\\\\\\\\\\\\\\\\\\\\\\\\\\\\\\\\\\\\\\\\\\\\\\\\\\\\\\\\\\\\\\\\\\\\\\\\\\\\\\\\\\\\\\\\\\\\\\\\\\\\\\\\\\\\\\\\\\\\\\\\\\\\\\\\\\\\\\\\\\\\\\\\\\\\\\\\\\\\\\\\\\\\\\\\\\\\\\\\\\\\\\\\\\\\\\\\\\\\\\\\\\\\\\\\\\\\\\\\\\\\\\\\\\\\\\\\\\\\\\\\\\\\\\\\\\\\\\\\\\\\\\\\\\\\\\\\\\\\\\\\\\\\\\\\\\\\\\\\\\\\\\\\\\\\\\\\\\\\\\\\\\\\\\\\\\\\\\\\\\\\\\\\\\\\\\\\\\\\\\\\\\\\\\\\\\\\\\\\\\\\\\\\\\\\\\\\\\\\\\\\\\\\\\\\\\\\\\\\\\\\\\\\\\\\\\\\\\\\\\\\\\\\\\\\\\\\\\\\\\\\\\\\\\\\\\\\\\\\\\\\\\\\\\\\\\&quot;\\\\\\\\\\\\\\\\\\\\\\\\\\\\\\\\\\\\\\\\\\\\\\\\\\\\\\\\\\\\\\\\\\\\\\\\\\\\\\\\\\\\\\\\\\\\\\\\\\\\\\\\\\\\\\\\\\\\\\\\\\\\\\\\\\\\\\\\\\\\\\\\\\\\\\\\\\\\\\\\\\\\\\\\\\\\\\\\\\\\\\\\\\\\\\\\\\\\\\\\\\\\\\\\\\\\\\\\\\\\\\\\\\\\\\\\\\\\\\\\\\\\\\\\\\\\\\\\\\\\\\\\\\\\\\\\\\\\\\\\\\\\\\\\\\\\\\\\\\\\\\\\\\\\\\\\\\\\\\\\\\\\\\\\\\\\\\\\\\\\\\\\\\\\\\\\\\\\\\\\\\\\\\\\\\\\\\\\\\\\\\\\\\\\\\\\\\\\\\\\\\\\\\\\\\\\\\\\\\\\\\\\\\\\\\\\\\\\\\\\\\\\\\\\\\\\\\\\\\\\\\\\\\\\\\\\\\\\\\\\\\\\\\\\\\\\\\\\\\\\\\\\\\\\\\\\\\\\\\\\\\\\\\\\\\\\\\\\\\\\\\\\\\\\\\\\\\\\\\\\\\\\\\\\\\\\\\\\\\\\\\\\\\\\\\\\\\\\\\\\\\\\\\\\\\\\\\\\\\\\\\\\\\\\\\\\\\\\\\\\\\\\\\\\\\\\\\\\\\\\\\\\\\\\\\\\\\\\\\\\\\\\\\\\\\\\\\\\\\\\\\\\\\\\\\\\\\\\\\\\\\\\\\\\\\\\\\\\\\\\\\\\\\\\\\\\\\\\\\\\\\\\\\\\\\\\\\\\\\\\\\\\\\\\\\\\\\\\\\\\\\\\\\\\\\\\\\\\\\\\\\\\\\\\\\\\\\\\\\\\\\\\\\\\\\\\\\\\\\\\\\\\\\\\\\\\\\\\\\\\\\\\\\\\\\\\\\\\\\\\\\\\\\\\\\\\\\\\\\\\\\\\\\\\\\\\\\\\\\\\\\\\\\\\\\\\\\\\\\\\\\\\\\\\\\\\\\\\\\\\\\\\\\\\\\\\\\\\\\\\\\\\\\\\\\\\\\\\\\\\\\\\&quot;\\\\\\\\\\\\\\\\\\\\\\\\\\\\\\\\\\\\\\\\\\\\\\\\\\\\\\\\\\\\\\\\\\\\\\\\\\\\\\\\\\\\\\\\\\\\\\\\\\\\\\\\\\\\\\\\\\\\\\\\\\\\\\\\\\\\\\\\\\\\\\\\\\\\\\\\\\\\\\\\\\\\\\\\\\\\\\\\\\\\\\\\\\\\\\\\\\\\\\\\\\\\\\\\\\\\\\\\\\\\\\\\\\\\\\\\\\\\\\\\\\\\\\\\\\\\\\\\\\\\\\\\\\\\\\\\\\\\\\\\\\\\\\\\\\\\\\\\\\\\\\\\\\\\\\\\\\\\\\\\\\\\\\\\\\\\\\\\\\\\\\\\\\\\\\\\\\\\\\\\\\\\\\\\\\\\\\\\\\\\\\\\\\\\\\\\\\\\\\\\\\\\\\\\\\\\\\\\\\\\\\\\\\\\\\\\\\\\\\\\\\\\\\\\\\\\\\\\\\\\\\\\\\\\\\\\\\\\\\\\\\\\\\\\\\\\\\\\\\\\\\\\\\\\\\\\&quot;\\\\\\\\\\\\\\\\\\\\\\\\\\\\\\\\\\\\\\\\\\\\\\\\\\\\\\\\\\\\\\\\\\\\\\\\\\\\\\\\\\\\\\\\\\\\\\\\\\\\\\\\\\\\\\\\\\\\\\\\\\\\\\\\\\\\\\\\\\\\\\\\\\\\\\\\\\\\\\\\\\\\\\\\\\\\\\\\\\\\\\\\\\\\\\\\\\\\\\\\\\\\\\\\\\\\\\\\\\\\\\\\\\\\\\\\\\\\\\\\\\\\\\\\\\\\\\\\&quot;\\\\\\\\\\\\\\\\\\\\\\\\\\\\\\\\\\\\\\\\\\\\\\\\\\\\\\\\\\\\\\\\\\\\\\\\\\\\\\\\\\\\\\\\\\\\\\\\\\\\\\\\\\\\\\\\\\\\\\\\\\\\\\\\&quot;\\\\\\\\\\\\\\\\\\\\\\\\\\\\\\\\\\\\\\\\\\\\\\\\\\\\\\\\\\\\\\\\&quot;\\\\\\\\\\\\\\\\\\\\\\\\\\\\\\\\&quot;\\\\\\\\\\\\\\\\&quot;\\\\\\\\&quot;\\\\&quot;\\">m3</span></strong></sup><span lang=\\"\\\\&quot;\\\\\\\\&quot;\\\\\\\\\\\\\\\\&quot;\\\\\\\\\\\\\\\\\\\\\\\\\\\\\\\\&quot;\\\\\\\\\\\\\\\\\\\\\\\\\\\\\\\\\\\\\\\\\\\\\\\\\\\\\\\\\\\\\\\\&quot;\\\\\\\\\\\\\\\\\\\\\\\\\\\\\\\\\\\\\\\\\\\\\\\\\\\\\\\\\\\\\\\\\\\\\\\\\\\\\\\\\\\\\\\\\\\\\\\\\\\\\\\\\\\\\\\\\\\\\\\\\\\\\\\\&quot;\\\\\\\\\\\\\\\\\\\\\\\\\\\\\\\\\\\\\\\\\\\\\\\\\\\\\\\\\\\\\\\\\\\\\\\\\\\\\\\\\\\\\\\\\\\\\\\\\\\\\\\\\\\\\\\\\\\\\\\\\\\\\\\\\\\\\\\\\\\\\\\\\\\\\\\\\\\\\\\\\\\\\\\\\\\\\\\\\\\\\\\\\\\\\\\\\\\\\\\\\\\\\\\\\\\\\\\\\\\\\\\\\\\\\\\\\\\\\\\\\\\\\\\\\\\\\\\\&quot;\\\\\\\\\\\\\\\\\\\\\\\\\\\\\\\\\\\\\\\\\\\\\\\\\\\\\\\\\\\\\\\\\\\\\\\\\\\\\\\\\\\\\\\\\\\\\\\\\\\\\\\\\\\\\\\\\\\\\\\\\\\\\\\\\\\\\\\\\\\\\\\\\\\\\\\\\\\\\\\\\\\\\\\\\\\\\\\\\\\\\\\\\\\\\\\\\\\\\\\\\\\\\\\\\\\\\\\\\\\\\\\\\\\\\\\\\\\\\\\\\\\\\\\\\\\\\\\\\\\\\\\\\\\\\\\\\\\\\\\\\\\\\\\\\\\\\\\\\\\\\\\\\\\\\\\\\\\\\\\\\\\\\\\\\\\\\\\\\\\\\\\\\\\\\\\\\\\\\\\\\\\\\\\\\\\\\\\\\\\\\\\\\\\\\\\\\\\\\\\\\\\\\\\\\\\\\\\\\\\\\\\\\\\\\\\\\\\\\\\\\\\\\\\\\\\\\\\\\\\\\\\\\\\\\\\\\\\\\\\\\\\\\\\\\\\\\\\\\\\\\\\\\\\\\\\\&quot;\\\\\\\\\\\\\\\\\\\\\\\\\\\\\\\\\\\\\\\\\\\\\\\\\\\\\\\\\\\\\\\\\\\\\\\\\\\\\\\\\\\\\\\\\\\\\\\\\\\\\\\\\\\\\\\\\\\\\\\\\\\\\\\\\\\\\\\\\\\\\\\\\\\\\\\\\\\\\\\\\\\\\\\\\\\\\\\\\\\\\\\\\\\\\\\\\\\\\\\\\\\\\\\\\\\\\\\\\\\\\\\\\\\\\\\\\\\\\\\\\\\\\\\\\\\\\\\\\\\\\\\\\\\\\\\\\\\\\\\\\\\\\\\\\\\\\\\\\\\\\\\\\\\\\\\\\\\\\\\\\\\\\\\\\\\\\\\\\\\\\\\\\\\\\\\\\\\\\\\\\\\\\\\\\\\\\\\\\\\\\\\\\\\\\\\\\\\\\\\\\\\\\\\\\\\\\\\\\\\\\\\\\\\\\\\\\\\\\\\\\\\\\\\\\\\\\\\\\\\\\\\\\\\\\\\\\\\\\\\\\\\\\\\\\\\\\\\\\\\\\\\\\\\\\\\\\\\\\\\\\\\\\\\\\\\\\\\\\\\\\\\\\\\\\\\\\\\\\\\\\\\\\\\\\\\\\\\\\\\\\\\\\\\\\\\\\\\\\\\\\\\\\\\\\\\\\\\\\\\\\\\\\\\\\\\\\\\\\\\\\\\\\\\\\\\\\\\\\\\\\\\\\\\\\\\\\\\\\\\\\\\\\\\\\\\\\\\\\\\\\\\\\\\\\\\\\\\\\\\\\\\\\\\\\\\\\\\\\\\\\\\\\\\\\\\\\\\\\\\\\\\\\\\\\\\\\\\\\\\\\\\\\\\\\\\\\\\\\\\\\\\\\\\\\\\\\\\\\\\\\\\\\\\\\\\\\\\\\\\\\\\\\\\\\\\\\\\\\\\\\\\\\\\\\\\\\\\\\\\\\\\\\\\\\\\\\\\\\\\\\\\\\\\\\\\\\\\\\\\\\\\\\\\\\\\\\\\\\\\\\\\\\\\\\\\\\\\\\\\\\\\\\\\\\\\\\\\\\\\\\\\\\\\\\\\\\\\\\\\\\\\\\\\\\\\\\\\\\\\\\\\\&quot;\\\\\\\\\\\\\\\\\\\\\\\\\\\\\\\\\\\\\\\\\\\\\\\\\\\\\\\\\\\\\\\\\\\\\\\\\\\\\\\\\\\\\\\\\\\\\\\\\\\\\\\\\\\\\\\\\\\\\\\\\\\\\\\\\\\\\\\\\\\\\\\\\\\\\\\\\\\\\\\\\\\\\\\\\\\\\\\\\\\\\\\\\\\\\\\\\\\\\\\\\\\\\\\\\\\\\\\\\\\\\\\\\\\\\\\\\\\\\\\\\\\\\\\\\\\\\\\\\\\\\\\\\\\\\\\\\\\\\\\\\\\\\\\\\\\\\\\\\\\\\\\\\\\\\\\\\\\\\\\\\\\\\\\\\\\\\\\\\\\\\\\\\\\\\\\\\\\\\\\\\\\\\\\\\\\\\\\\\\\\\\\\\\\\\\\\\\\\\\\\\\\\\\\\\\\\\\\\\\\\\\\\\\\\\\\\\\\\\\\\\\\\\\\\\\\\\\\\\\\\\\\\\\\\\\\\\\\\\\\\\\\\\\\\\\\\\\\\\\\\\\\\\\\\\\\\\\\\\\\\\\\\\\\\\\\\\\\\\\\\\\\\\\\\\\\\\\\\\\\\\\\\\\\\\\\\\\\\\\\\\\\\\\\\\\\\\\\\\\\\\\\\\\\\\\\\\\\\\\\\\\\\\\\\\\\\\\\\\\\\\\\\\\\\\\\\\\\\\\\\\\\\\\\\\\\\\\\\\\\\\\\\\\\\\\\\\\\\\\\\\\\\\\\\\\\\\\\\\\\\\\\\\\\\\\\\\\\\\\\\\\\\\\\\\\\\\\\\\\\\\\\\\\\\\\\\\\\\\\\\\\\\\\\\\\\\\\\\\\\\\\\\\\\\\\\\\\\\\\\\\\\\\\\\\\\\\\\\\\\\\\\\\\\\\\\\\\\\\\\\\\\\\\\\\\\\\\\\\\\\\\\\\\\\\\\\\\\\\\\\\\\\\\\\\\\\\\\\\\\\\\\\\\\\\\\\\\\\\\\\\\\\\\\\\\\\\\\\\\\\\\\\\\\\\\\\\\\\\\\\\\\\\\\\\\\\\\\\\\\\\\\\\\\\\\\\\\\\\\\\\\\\\\\\\\\\\\\\\\\\\\\\\\\\\\\\\\\\\\\\\\\\\\\\\\\\\\\\\\\\\\\\\\\\\\\\\\\\\\\\\\\\\\\\\\\\\\\\\\\\\\\\\\\\\\\\\\\\\\\\\\\\\\\\\\\\\\\\\\\\\\\\\\\\\\\\\\\\\\\\\\\\\\\\\\\\\\\\\\\\\\\\\\\\\\\\\\\\\\\\\\\\\\\\\\\\\\\\\\\\\\\\\\\\\\\\\\\\\\\\\\\\\\\\\\\\\\\\\\\\\\\\\\\\\\\\\\\\\\\\\\\\\\\\\\\\\\\\\\\\\\\\\\\\\\\\\\\\\\\\\\\\\\\\\\\\\\\\\\\\\\\\\\\\\\\\\\\\\\\\\\\\\\\\\\\\\\\\\\\\\\\\\\\\\\\\\\\\\\\\\\\\\\\\\\\\\\\\\\\\\\\\\\\\\\\\\\\\\\\\\\\\\\\\\\\\\\\\\\\\\\\\\\\\\\\\\\\\\\\\\\\\\\\\\\\\\\\\\\\\\\\\\\\\\\\\\\\\\\\\\\\\\\\\\\\\\\\\\\\\\\\\\\\\\\\\\\\\\\\\\\\\\\\\\\\\\\\\\\\\\\\\\\\\\\\\\\\\\\\\\\\\\\\\\\\\\\\\\\\\\\\\\\\\\\\\\\\\\\\\\\\\\\\\\\\\\\\\\\\\\\\\\\\\\\\\\\\\\\\\\\\\\\\\\\\\\\\\\\\\\\\\\\\\\\\\\\\\\\\\\\\\\\\\\\\\\\\\\\\\\\\\\\\\\\\\\\\\\\\\\\\\\\\\\\\\\\\\\\\\\\\\\\\\\\\\\\\\\\\\\\\\\\\\\\\\\\\\\\\\\\\\\\\\\\\\\\\\\\\\\\\\\\\\\\\\\\\\\\\\\\\\\\\\\\\\\\\\\\\\\\\\\\\\\\\\\\\\\\\\\\\\\\\\\\\\\\\\\\\\\\\\\\\\\\\\\\\\\\\\\\\\\\\\\\\\\\\\\\\\\\\\\\\\\\\\\\\\\\\\\\\\\\\\\\\\\\\\\\\\\\\\\\\\\\\\\\\\\\\\\\\\\\\\&quot;EN-US\\\\\\\\\\\\\\\\\\\\\\\\\\\\\\\\\\\\\\\\\\\\\\\\\\\\\\\\\\\\\\\\\\\\\\\\\\\\\\\\\\\\\\\\\\\\\\\\\\\\\\\\\\\\\\\\\\\\\\\\\\\\\\\\\\\\\\\\\\\\\\\\\\\\\\\\\\\\\\\\\\\\\\\\\\\\\\\\\\\\\\\\\\\\\\\\\\\\\\\\\\\\\\\\\\\\\\\\\\\\\\\\\\\\\\\\\\\\\\\\\\\\\\\\\\\\\\\\\\\\\\\\\\\\\\\\\\\\\\\\\\\\\\\\\\\\\\\\\\\\\\\\\\\\\\\\\\\\\\\\\\\\\\\\\\\\\\\\\\\\\\\\\\\\\\\\\\\\\\\\\\\\\\\\\\\\\\\\\\\\\\\\\\\\\\\\\\\\\\\\\\\\\\\\\\\\\\\\\\\\\\\\\\\\\\\\\\\\\\\\\\\\\\\\\\\\\\\\\\\\\\\\\\\\\\\\\\\\\\\\\\\\\\\\\\\\\\\\\\\\\\\\\\\\\\\\\\\\\\\\\\\\\\\\\\\\\\\\\\\\\\\\\\\\\\\\\\\\\\\\\\\\\\\\\\\\\\\\\\\\\\\\\\\\\\\\\\\\\\\\\\\\\\\\\\\\\\\\\\\\\\\\\\\\\\\\\\\\\\\\\\\\\\\\\\\\\\\\\\\\\\\\\\\\\\\\\\\\\\\\\\\\\\\\\\\\\\\\\\\\\\\\\\\\\\\\\\\\\\\\\\\\\\\\\\\\\\\\\\\\\\\\\\\\\\\\\\\\\\\\\\\\\\\\\\\\\\\\\\\\\\\\\\\\\\\\\\\\\\\\\\\\\\\\\\\\\\\\\\\\\\\\\\\\\\\\\\\\\\\\\\\\\\\\\\\\\\\\\\\\\\\\\\\\\\\\\\\\\\\\\\\\\\\\\\\\\\\\\\\\\\\\\\\\\\\\\\\\\\\\\\\\\\\\\\\\\\\\\\\\\\\\\\\\\\\\\\\\\\\\\\\\\\\\\\\\\\\\\\\\\\\\\\\\\\\\\\\\\\\\\\\\\\\\\\\\\\\\\\\\\\\\\\\\\\\\\\\\\\\\\\\\\\\\\\\\\\\\\\\\\\\\\\\\\\\\\\\\\\\\\\\\\\\\\\\\\\\\\\\\\\\\\\\\\\\\\\\\\\\\\\\\\\\\\\\\\\\\\\\\\\\\\\\\\\\\\\\\\\\\\\\\\\\\\\\\\\\\\\\\\\\\\\\\\\\\\\\\\\\\\\\\\\\\\\\\\\\\\\\\\\\\\\\\\\\\\\\\\\\\\\\\\\\\\\\\\\\\\\\\\\\\\\\\\\\\\\\\\\\\\\\\\\\\\\\\\\\\\\\\\\\\\\\\\\\\\\\\\\\\\\\\\\\\\\\\\\\\\\\\\\\\\\\\\\\\\\\\\\\\\\\\\\\\\\\\\\\\\\\\\\\\\\\\\\\\\\\\\\\\\\\\\\\\\\\\\\\\\\\\\\\\\\\\\\\\\\\\\\\\\\\\\\\\\\\\\\\\\\\\\\\\\\\\\\\\\\\\\\\\\\\\\\\\\\\\\\\\\\\\\\\\\\\\\\\\\\\\\\\\\\\\\\\\\\\\\\\\\\\\\\\\\\\\\\\\\\\\\\\\\\\\\\\\\\\\\\\\\\\\\\\\\\\\\\\\\\\\\\\\\\\\\\\\\\\\\\\\\\\\\\\\\\\\\\\\\\\\\\\\\\\\\\\\\\\\\\\\\\\\\\\\\\\\\\\\\\\\\\\\\\\\\\\\\\\\\\\\\\\\\\\\\\\\\\\\\\\\\\\\\\\\\\\\\\\\\\\\\\\\\\\\\\\\\\\\\\\\\\\\\\\\\\\\\\\\\\\\\\\\\\\\\\\\\\\\\\\\\\\\\\\\\\\\\\\\\\\\\\\\\\\\\\\\\\\\\\\\\\\\\\\\\\\\\\\\\\\\\\\\\\\\\\\\\\\\\\\\\\\\\\\\\\\\\\\\\\\\\\\\\\\\\\\\\\\\\\\\\\\\\\\\\\\\\\\\\\\\\\\\\\\\\\\\\\\\\\\\\\\\\\\\\\\\\\\\\\\\\\\\\\\\\\\\\\\\\\\\\\\\\\\\\\\\\\\\\\\\\\\\\\\\\\\\\\\\\\\\\\\\\\\\\\\\&quot;\\\\\\\\\\\\\\\\\\\\\\\\\\\\\\\\\\\\\\\\\\\\\\\\\\\\\\\\\\\\\\\\\\\\\\\\\\\\\\\\\\\\\\\\\\\\\\\\\\\\\\\\\\\\\\\\\\\\\\\\\\\\\\\\\\\\\\\\\\\\\\\\\\\\\\\\\\\\\\\\\\\\\\\\\\\\\\\\\\\\\\\\\\\\\\\\\\\\\\\\\\\\\\\\\\\\\\\\\\\\\\\\\\\\\\\\\\\\\\\\\\\\\\\\\\\\\\\\\\\\\\\\\\\\\\\\\\\\\\\\\\\\\\\\\\\\\\\\\\\\\\\\\\\\\\\\\\\\\\\\\\\\\\\\\\\\\\\\\\\\\\\\\\\\\\\\\\\\\\\\\\\\\\\\\\\\\\\\\\\\\\\\\\\\\\\\\\\\\\\\\\\\\\\\\\\\\\\\\\\\\\\\\\\\\\\\\\\\\\\\\\\\\\\\\\\\\\\\\\\\\\\\\\\\\\\\\\\\\\\\\\\\\\\\\\\\\\\\\\\\\\\\\\\\\\\\\\\\\\\\\\\\\\\\\\\\\\\\\\\\\\\\\\\\\\\\\\\\\\\\\\\\\\\\\\\\\\\\\\\\\\\\\\\\\\\\\\\\\\\\\\\\\\\\\\\\\\\\\\\\\\\\\\\\\\\\\\\\\\\\\\\\\\\\\\\\\\\\\\\\\\\\\\\\\\\\\\\\\\\\\\\\\\\\\\\\\\\\\\\\\\\\\\\\\\\\\\\\\\\\\\\\\\\\\\\\\\\\\\\\\\\\\\\\\\\\\\\\\\\\\\\\\\\\\\\\\\\\\\\\\\\\\\\\\\\\\\\\\\\\\\\\\\\\\\\\\\\\\\\\\\\\\\\\\\\\\\\\\\\\\\\\\\\\\\\\\\\\\\\\\\\\\\\\\\\\\\\\\\\\\\\\\\\\\\\\\\\\\\\\\\\\\\\\\\\\\\\\\\\\\\\\\\\\\\\\\\\\\\\\\\\\\\\\\\\\\\\\\\\\\\\\\\\\\\\\\\\\\\\\\\\\\\\\\\\\\\\\\\\\\\\\\\\\\\\\\\\\\\\\\\\\&quot;\\\\\\\\\\\\\\\\\\\\\\\\\\\\\\\\\\\\\\\\\\\\\\\\\\\\\\\\\\\\\\\\\\\\\\\\\\\\\\\\\\\\\\\\\\\\\\\\\\\\\\\\\\\\\\\\\\\\\\\\\\\\\\\\\\\\\\\\\\\\\\\\\\\\\\\\\\\\\\\\\\\\\\\\\\\\\\\\\\\\\\\\\\\\\\\\\\\\\\\\\\\\\\\\\\\\\\\\\\\\\\\\\\\\\\\\\\\\\\\\\\\\\\\\\\\\\\\\\\\\\\\\\\\\\\\\\\\\\\\\\\\\\\\\\\\\\\\\\\\\\\\\\\\\\\\\\\\\\\\\\\\\\\\\\\\\\\\\\\\\\\\\\\\\\\\\\\\\\\\\\\\\\\\\\\\\\\\\\\\\\\\\\\\\\\\\\\\\\\\\\\\\\\\\\\\\\\\\\\\\\\\\\\\\\\\\\\\\\\\\\\\\\\\\\\\\\\\\\\\\\\\\\\\\\\\\\\\\\\\\\\\\\\\\\\\\\\\\\\\\\\\\\\\\\\\\&quot;\\\\\\\\\\\\\\\\\\\\\\\\\\\\\\\\\\\\\\\\\\\\\\\\\\\\\\\\\\\\\\\\\\\\\\\\\\\\\\\\\\\\\\\\\\\\\\\\\\\\\\\\\\\\\\\\\\\\\\\\\\\\\\\\\\\\\\\\\\\\\\\\\\\\\\\\\\\\\\\\\\\\\\\\\\\\\\\\\\\\\\\\\\\\\\\\\\\\\\\\\\\\\\\\\\\\\\\\\\\\\\\\\\\\\\\\\\\\\\\\\\\\\\\\\\\\\\\\&quot;\\\\\\\\\\\\\\\\\\\\\\\\\\\\\\\\\\\\\\\\\\\\\\\\\\\\\\\\\\\\\\\\\\\\\\\\\\\\\\\\\\\\\\\\\\\\\\\\\\\\\\\\\\\\\\\\\\\\\\\\\\\\\\\\&quot;\\\\\\\\\\\\\\\\\\\\\\\\\\\\\\\\\\\\\\\\\\\\\\\\\\\\\\\\\\\\\\\\&quot;\\\\\\\\\\\\\\\\\\\\\\\\\\\\\\\\&quot;\\\\\\\\\\\\\\\\&quot;\\\\\\\\&quot;\\\\&quot;\\">&nbsp;Bin is our&nbsp;largest size Skip Bin, It is more commonly used for General Household, Garage,&nbsp;Greenwaste, Yard,&nbsp;Scrap Metal, and Commercial Cleanups&nbsp;</span></p>\r\n<p><strong>Length: </strong>4.50m</p>\r\n<p><strong>Width: </strong>1.70m</p>\r\n<p><strong>Height:&nbsp;</strong>1.50m</p>\r\n<p>Our Trucks need room to manoeuvre on site, please ensure that there is enough room for the truck to access your property, and that we have a lifting height to land your bin successfully.</p>\r\n<p>Our Minimum Requirements are&nbsp;</p>\r\n<p>Please Note: Included in the booking price for a&nbsp;<strong>11.0m<sup>3</sup></strong>&nbsp;bin<strong>&nbsp;</strong>is an allowable weight of 2.5 tonnes of&nbsp;waste, any thing over this limit is automatically charged at $100/Tonne (Accept for Scrap Metal Bookings)</p>', 0, 'http://beaudesertareaskipbinhire.com/shop/assets/uploads/_2015_05_01_15_39_58.jpg', 570.00),
(13, '3.0 - Cubic Meter Bin', 10, 9, '<p>Skip bins are great for General Household and Garage Clean ups, General Garden clean ups, Moving House, Building Renovation and Landscaping&nbsp;Waste.</p>', '<h3>&nbsp;</h3>\r\n<p>Our&nbsp;<strong>3.0m<sup>3</sup></strong>&nbsp;Bin is&nbsp;classed as a Small&nbsp;Size Bin, it is the smallest&nbsp;size bin in our range for General Household, Garage,&nbsp;Green-waste, and Yard Clean ups</p>\r\n<p><strong>Length:&nbsp;</strong>2.0m</p>\r\n<p><strong>Width: </strong>1.6m</p>\r\n<p><strong>Height:&nbsp;</strong>1.2m</p>\r\n<p>Our Trucks need room to manoeuvre on site, please ensure that there is enough room for the truck to access your property, and that we have a lifting height to land your bin successfully.</p>\r\n<p>Our Minimum Requirements are&nbsp;</p>\r\n<p>Please Note: Included in the booking price for a <strong>3.0m</strong><sup><strong>3</strong></sup>&nbsp;bin&nbsp;is&nbsp;an allowable weight of 1&nbsp;tonne of&nbsp;waste, any thing over this limit is automatically charged at $100/Tonne (Accept for Scrap Metal Bookings)</p>\r\n<p>&nbsp;&nbsp;</p>', 0, 'http://beaudesertareaskipbinhire.com/shop/assets/uploads/_2015_05_01_15_38_04.jpg', 200.00),
(14, '4.5 - Cubic Meter Bin', 5, 4, '<p>Skip bins are great for General Household and Garage Clean ups, General Garden clean ups, Moving House, Building Renovation and Landscaping Waste</p>', '<p>Our <strong><sup>4.5m3</sup></strong>&nbsp;is a medium size square shaped bin with a mouth type shape at one end, these bins are great for bulky items, used most commonly used for Scrap Metal clean ups</p>\r\n<p>&nbsp;Please Note: Included in the booking price is an allowable weight of 1.5&nbsp;tonnes of&nbsp;waste, any thing over this limit is automatically charged at $100/Tonne (Accept for Scrap Metal Bookings)</p>\r\n<p><strong>Length: </strong>3.0m</p>\r\n<p><strong>Width: </strong>1.65</p>\r\n<p><strong>Height:&nbsp;</strong>1.2m</p>\r\n<p>Our Trucks need room to manoeuvre on site, please ensure that there is enough room for the truck to access your property, and that we have a lifting height to land your bin successfully.</p>\r\n<p>Our Minimum Requirements are&nbsp;</p>\r\n<p>Please Note: Included in the booking price for a&nbsp;<strong>4.5m<sup>3</sup></strong>&nbsp;bin<strong>&nbsp;</strong>is an allowable weight of 1.5&nbsp;tonnes of&nbsp;waste, any thing over this limit is automatically charged at $100/Tonne (Accept for Scrap Metal Bookings)</p>', 0, 'http://beaudesertareaskipbinhire.com/shop/assets/uploads/_2015_05_01_15_38_58.jpg', 280.00),
(15, '20.0 - Cubic Meter Bin', 8, 7, '<p>Skip bins are great for General Household and Garage Clean ups, General Garden clean ups,&nbsp;Moving House, Building Renovation and Landscaping Waste.</p>', '<p><strong><sup>20.0m3</sup> </strong>Hooklift or RORO (Roll on Roll off) type, A Very Big Bin, Rectangle in Shape with a Swinging Door&nbsp;at the Rear.</p>\r\n<p><strong>Length:&nbsp;</strong>6.00m</p>\r\n<p><strong>Width: </strong>2.20m</p>\r\n<p><strong>Height:&nbsp;</strong>1.70m</p>\r\n<p>Our Trucks need room to manoeuvre on site, please ensure that there is enough room for the truck to access your property, and that we have a lifting height to land your bin successfully.</p>\r\n<p>Our Minimum Requirements are Please Note: Included in the booking price is an allowable weight of 5&nbsp;tonnes of&nbsp;waste, any thing over this limit is automatically charged at $100/Tonne (Accept for Scrap Metal Bookings)&nbsp;</p>\r\n<p>&nbsp;</p>\r\n<p>&nbsp;</p>', 0, 'http://beaudesertareaskipbinhire.com/shop/assets/uploads/_2015_05_01_15_40_16.jpg', 990.00);

-- --------------------------------------------------------

--
-- Table structure for table `wb_product_type`
--

CREATE TABLE IF NOT EXISTS `wb_product_type` (
  `id` bigint(20) NOT NULL AUTO_INCREMENT,
  `p_type_title` varchar(256) COLLATE utf8_unicode_ci NOT NULL COMMENT 'Display name',
  `p_type_accepted` varchar(256) COLLATE utf8_unicode_ci NOT NULL COMMENT 'Most used to unique tracking',
  `p_type_not_accepted` varchar(250) COLLATE utf8_unicode_ci NOT NULL,
  PRIMARY KEY (`id`)
) ENGINE=MyISAM  DEFAULT CHARSET=utf8 COLLATE=utf8_unicode_ci AUTO_INCREMENT=19 ;

--
-- Dumping data for table `wb_product_type`
--

INSERT INTO `wb_product_type` (`id`, `p_type_title`, `p_type_accepted`, `p_type_not_accepted`) VALUES
(1, 'Green Waste', '<p>&nbsp;Green Waste only, Palm Fronds, Tree Trimmings, Gardening Waste, Grass Clippings or Organic Waste.</p>', '<p>No sand, soil, rocks, tree or palm trunks</p>'),
(2, 'General Waste', '<p>Most types of wastes such as greenery, houshold and scrap metal, furniture, white goods, cardboard, plastic, or a mixture of these wastes.&nbsp;A tyre that is mounted on a rim. GAS BOTTLES&nbsp;THAT ARE EMPTY OF GAS</p>', '<p>Liquid Waste, dangerous chemicals, acids, poisons, needles, syringes, explosives, asbestos, truck or industrial tyres, or any other enviromentally unfriendly substances or objects likely to cause harm or damage&nbsp;</p>'),
(3, 'Clean Concrete & Bricks', '<p>Lorem Ipsum is simply dummy text of the.</p>', '<p>Lorem Ipsum is simply dummy text of the printing and typesetting industry.</p>'),
(15, 'Mixed Heavy Waste', '<p>Concrete, bricks, rocks, soil, sand, timber, construction and demolition waste</p>', '<p>Liquid Waste, dangerous chemicals, acids, poisons, needles, syringes, explosives, asbestos, truck or industrial tyres, or any other enviromentally unfriendly substances or objects likely to cause harm or damage&nbsp;</p>'),
(18, 'Scrap Metal', '<p>All types of Scrap Metal. &nbsp; &nbsp;Scrap Metal Only&nbsp;</p>', '<p>Rubbish of any description</p>');

-- --------------------------------------------------------

--
-- Table structure for table `wb_product_zone_postcodes`
--

CREATE TABLE IF NOT EXISTS `wb_product_zone_postcodes` (
  `id` int(11) NOT NULL AUTO_INCREMENT,
  `product_zone` varchar(30) NOT NULL,
  `postcode` int(11) NOT NULL,
  PRIMARY KEY (`id`)
) ENGINE=InnoDB  DEFAULT CHARSET=latin1 AUTO_INCREMENT=49 ;

--
-- Dumping data for table `wb_product_zone_postcodes`
--

INSERT INTO `wb_product_zone_postcodes` (`id`, `product_zone`, `postcode`) VALUES
(1, 'A', 4270),
(3, 'A', 4275),
(4, 'A', 4280),
(11, 'A', 4285),
(12, 'C', 4272),
(14, 'C', 4271),
(15, 'A', 4207),
(16, 'E', 4287),
(17, 'E', 4310),
(18, 'E', 4309),
(19, 'E', 4305),
(20, 'E', 4307),
(21, 'E', 4380),
(22, 'E', 4124),
(23, 'E', 4125),
(24, 'E', 4131),
(25, 'E', 4132),
(26, 'E', 4133),
(28, 'A', 4208),
(29, 'A', 4209),
(30, 'A', 4210),
(31, 'A', 4211),
(32, 'A', 4212),
(33, 'A', 4213),
(34, 'A', 4214),
(35, 'A', 4215),
(36, 'A', 4216),
(37, 'A', 4217),
(38, 'A', 4219),
(39, 'A', 4220),
(40, 'A', 4221),
(41, 'A', 4222),
(42, 'A', 4223),
(43, 'A', 4226),
(44, 'A', 4227),
(45, 'A', 4228),
(46, 'A', 4229),
(47, 'A', 4230),
(48, 'A', 4218);

-- --------------------------------------------------------

--
-- Table structure for table `wb_transaction`
--

CREATE TABLE IF NOT EXISTS `wb_transaction` (
  `id` int(11) NOT NULL AUTO_INCREMENT,
  `user_id` int(11) NOT NULL,
  `customer_name` varchar(50) NOT NULL,
  `transaction_type` varchar(50) NOT NULL,
  `total_amount` float(12,2) NOT NULL,
  `status` tinyint(1) NOT NULL,
  `invoice_no` varchar(50) NOT NULL,
  PRIMARY KEY (`id`)
) ENGINE=InnoDB  DEFAULT CHARSET=utf8 AUTO_INCREMENT=113 ;

--
-- Dumping data for table `wb_transaction`
--

INSERT INTO `wb_transaction` (`id`, `user_id`, `customer_name`, `transaction_type`, `total_amount`, `status`, `invoice_no`) VALUES
(90, 46, 'Shakil hasan', 'Cash', 425.00, 0, '10051'),
(91, 67, 'Darren Knight', 'Cash', 235.00, 0, '10052'),
(92, 68, 'Darren Knight', 'Cash', 285.00, 0, '10053'),
(94, 69, 'hossain shakil', 'Cash', 350.00, 0, '10055'),
(95, 72, 'Marc Bryant', 'Paypal', 125.00, 0, '10057'),
(97, 73, 'Marc Bryant', 'Cash', 590.00, 0, '10060'),
(98, 74, 'Kerry Harrington', 'Paypal', 210.00, 0, '10061'),
(99, 75, 'Kerry Harrington', 'Paypal', 200.00, 0, '10062'),
(100, 74, 'Kerry Harrington', 'Paypal', 200.00, 0, '10065'),
(103, 74, 'Kerry Harrington', 'Paypal', 210.00, 0, '10068'),
(104, 77, 'Tim B Lamb', 'Paypal', 125.00, 0, '10069'),
(105, 74, 'Kerry Harrington', 'Cash', 230.00, 0, '10076'),
(106, 46, 'shakil hasan', 'Cash', 230.00, 0, '10079'),
(107, 79, 'test test', 'Cash', 290.00, 0, '10080'),
(108, 78, 'Henry Lamb', 'Cash', 1000.00, 0, '10085'),
(109, 74, 'Kerry Harrington', 'Cash', 220.00, 0, '10086'),
(110, 79, 'Darren Knight', 'Cash', 350.00, 0, '10087'),
(111, 80, 'Allan Riggs', 'Cash', 260.00, 0, '10088'),
(112, 81, 'shakil hossain', 'Cash', 260.00, 0, '10089');

-- --------------------------------------------------------

--
-- Table structure for table `wb_users`
--

CREATE TABLE IF NOT EXISTS `wb_users` (
  `id` bigint(20) NOT NULL AUTO_INCREMENT,
  `group_id` tinyint(1) NOT NULL,
  `username` varchar(50) NOT NULL,
  `email` varchar(255) NOT NULL,
  `password` varchar(255) DEFAULT NULL,
  `fname` varchar(255) DEFAULT NULL,
  `lname` varchar(255) DEFAULT NULL,
  `company_name` varchar(255) NOT NULL,
  `address` text NOT NULL,
  `suburb` varchar(100) NOT NULL,
  `postcode` varchar(10) NOT NULL,
  `phone` varchar(50) NOT NULL,
  PRIMARY KEY (`id`)
) ENGINE=InnoDB  DEFAULT CHARSET=utf8 AUTO_INCREMENT=82 ;

--
-- Dumping data for table `wb_users`
--

INSERT INTO `wb_users` (`id`, `group_id`, `username`, `email`, `password`, `fname`, `lname`, `company_name`, `address`, `suburb`, `postcode`, `phone`) VALUES
(2, 1, 'admin', 'admin@wastebin.com', '40a29aa1eaa91b54f94139525c8f3ece289ddc9f', NULL, NULL, '', '', '', '', ''),
(68, 3, 'Darren Knight', 'dk@beaudesertscrapmetal.com', NULL, 'Darren', 'Knight', 'Beaudesert Metal Management Services', '5 San Lorenzo crt ashmore', '', '4214', '0407 677 585'),
(74, 2, 'Kerry Harrington', 'kerryharrington@bigpond.com', 'cb9e96f9b9bccad0bb3f43c4ac771b8f', 'Kerry', 'Harrington', '', '4 Mengel Court Kalbar', '', '4309', '07 38078896'),
(77, 3, 'Tim B Lamb', 'tim@pph.net.au', NULL, 'Tim B', 'Lamb', '', '35 Enterprise Drive Beaudesert ', '', '4270', '0410432623'),
(78, 3, 'Henry Lamb', 'tim@trumpetcapital.com.au', NULL, 'Henry', 'Lamb', '', '35 enterprise drive ', 'beaudesert', '4270', '0410 432 623'),
(79, 3, 'Darren Knight', 'dk@beaudesertscrapmetal.com', NULL, 'Darren', 'Knight', '', '5 San Lorenzo Crt', 'Ashmore', '4214', '0407 677 585'),
(80, 3, 'Allan Riggs', 'riggs307@live.com.au', NULL, 'Allan', 'Riggs', 'bada bin', '99-101 francis close', 'kooralbyn', '4285', '0403658659'),
(81, 3, 'shakil hossain', 'shakil.cctl@gmail.com', NULL, 'shakil', 'hossain', 'cctl', 'akjsdfhakjls dfhaskjlfh adskjlfas', 'fasdfasf', '4133', '34234532453245');

/*!40101 SET CHARACTER_SET_CLIENT=@OLD_CHARACTER_SET_CLIENT */;
/*!40101 SET CHARACTER_SET_RESULTS=@OLD_CHARACTER_SET_RESULTS */;
/*!40101 SET COLLATION_CONNECTION=@OLD_COLLATION_CONNECTION */;
